customer_id,annual_income,loan_amount,credit_score,transaction_count,spending_ratio,join_date,default_flag,age,education_level,repayment_history,inflation_rate,unemployment_rate,economic_indicator_date,join_year,join_month,join_day,join_weekday,debt_to_income_ratio,average_monthly_transactions,spending_to_income_ratio,gender_Female,gender_Male,gender_Other,region_East,region_North,region_South,region_West,employment_type_Salaried,employment_type_Self-Employed,employment_type_Unemployed,loan_purpose_Business,loan_purpose_Car,loan_purpose_Education,loan_purpose_Home,loan_purpose_Other
CUST100001,513968.72,298514.38,631.21,49,31.16,2019-11-12,1,41.0,Graduate,1,5.2,4.8,2026-01-01,2019,11,12,1,0.5808026216070115,8.166666666666666,0.3116,1,0,0,0,1,0,0,1,0,0,0,0,0,0,1
CUST100002,671944.56,300776.56,679.985,51,54.54,2024-01-20,0,34.0,Primary,1,5.2,4.8,2026-01-01,2024,1,20,5,0.4476210954070377,8.5,0.5454,0,1,0,0,1,0,0,1,0,0,0,0,1,0,0
CUST100003,1021614.47,148211.5,680.14,41,16.46,2022-01-06,0,43.0,Graduate,4,5.2,4.8,2026-01-01,2022,1,6,3,0.14507576424597823,6.833333333333333,0.1646,1,0,0,0,1,0,0,1,0,0,0,0,0,0,1
CUST100004,351832.2,227458.78,590.62,54,15.89,2020-06-14,0,53.0,Post-Graduate,3,4.7,5.1,2026-01-01,2020,6,14,6,0.6464979043987445,9.0,0.1589,1,0,0,0,0,1,0,1,0,0,0,0,1,0,0
CUST100005,657195.96,413843.75,649.94,54,29.01,2025-07-30,0,33.0,Graduate,0,4.9,4.4,2026-01-01,2025,7,30,2,0.6297113421086764,9.0,0.2901,1,0,0,0,0,0,1,1,0,0,0,0,1,0,0
CUST100006,1952914.33,1093881.58,705.2,44,22.84,2024-02-03,0,33.0,Post-Graduate,2,6.0,6.2,2026-01-01,2024,2,3,5,0.5601277860457914,7.333333333333333,0.2284,1,0,0,1,0,0,0,0,0,1,0,1,0,0,0
CUST100007,881332.45,544879.47,596.97,38,27.31,2020-10-23,0,53.0,Graduate,1,6.0,6.2,2026-01-01,2020,10,23,4,0.6182451014937667,6.333333333333333,0.2731,0,1,0,1,0,0,0,0,1,0,0,1,0,0,0
CUST100008,832879.29,714613.44,755.18,46,31.5,2022-07-19,0,44.0,Secondary,1,4.7,5.1,2026-01-01,2022,7,19,1,0.8580036129845418,7.666666666666667,0.315,1,0,0,0,0,1,0,1,0,0,0,0,1,0,0
CUST100009,1805325.66,141758.15,762.52,38,49.45,2022-05-04,0,31.0,Secondary,3,4.9,4.4,2026-01-01,2022,5,4,2,0.07852220413241122,6.333333333333333,0.49450000000000005,1,0,0,0,0,0,1,0,1,0,0,0,1,0,0
CUST100010,1289590.01,108115.99,599.07,41,28.78,2019-05-07,1,42.0,Graduate,2,4.7,5.1,2026-01-01,2019,5,7,1,0.08383749033539738,6.833333333333333,0.2878,1,0,0,0,0,1,0,1,0,0,0,0,0,1,0
CUST100011,886951.91,181345.2,768.25,48,23.57,2019-12-15,0,31.0,Graduate,1,5.2,4.8,2026-01-01,2019,12,15,6,0.20445888661539724,8.0,0.2357,1,0,0,0,1,0,0,1,0,0,0,1,0,0,0
CUST100012,547888.94,411490.78,670.67,45,29.57,2023-11-02,0,31.0,Primary,0,6.0,6.2,2026-01-01,2023,11,2,3,0.7510477944672511,7.5,0.2957,1,0,0,1,0,0,0,1,0,0,0,0,0,1,0
CUST100013,641939.13,315726.3,707.2,42,24.2,2021-12-03,0,39.0,Graduate,2,5.2,4.8,2026-01-01,2021,12,3,4,0.49183214614133275,7.0,0.242,0,1,0,0,1,0,0,0,1,0,0,0,0,0,1
CUST100014,625002.24,375846.91,647.72,39,22.35,2020-12-28,1,18.0,Graduate,1,4.7,5.1,2026-01-01,2020,12,28,0,0.6013529007512036,6.5,0.2235,1,0,0,0,0,1,0,0,1,0,0,0,1,0,0
CUST100015,521228.39,153656.27,740.0,42,16.14,2019-09-01,0,18.0,Graduate,1,6.0,6.2,2026-01-01,2019,9,1,6,0.2947964327115796,7.0,0.16140000000000002,0,1,0,1,0,0,0,1,0,0,1,0,0,0,0
CUST100016,730400.08,553848.06,825.0,32,36.19,2024-08-18,0,30.0,Graduate,2,4.9,4.4,2026-01-01,2024,8,18,6,0.7582803933975474,5.333333333333333,0.3619,1,0,0,0,0,0,1,0,0,1,0,0,0,0,1
CUST100017,788303.84,598245.82,627.08,42,26.64,2023-11-21,0,25.0,Graduate,2,4.7,5.1,2026-01-01,2023,11,21,1,0.7589025825372105,7.0,0.2664,1,0,0,0,0,1,0,1,0,0,1,0,0,0,0
CUST100018,671944.56,193673.57,604.26,36,55.65,2020-12-12,0,39.0,Primary,0,6.0,6.2,2026-01-01,2020,12,12,5,0.2882284961128341,6.0,0.5565,1,0,0,1,0,0,0,0,1,0,0,0,0,0,1
CUST100019,1594946.92,538668.1,585.08,31,17.47,2019-03-27,0,26.0,Secondary,1,4.9,4.4,2026-01-01,2019,3,27,2,0.3377341861633866,5.166666666666667,0.1747,0,1,0,0,0,0,1,0,0,1,0,1,0,0,0
CUST100020,814326.18,179644.93,692.22,43,26.98,2023-02-17,0,20.0,Graduate,0,5.2,4.8,2026-01-01,2023,2,17,4,0.22060561776363372,7.166666666666667,0.2698,1,0,0,0,1,0,0,1,0,0,0,0,0,1,0
CUST100021,562528.46,215277.51,717.21,42,83.56,2019-09-28,0,52.0,Graduate,0,4.7,5.1,2026-01-01,2019,9,28,5,0.3826962106059488,7.0,0.8356,1,0,0,0,0,1,0,0,1,0,0,1,0,0,0
CUST100022,734080.83,357839.41,722.31,43,22.29,2023-12-03,0,34.0,Primary,4,4.7,5.1,2026-01-01,2023,12,3,6,0.48746595112693514,7.166666666666667,0.2229,1,0,0,0,0,1,0,1,0,0,0,0,1,0,0
CUST100023,1084284.12,98527.91,672.33,36,31.24,2021-11-09,0,37.0,Post-Graduate,1,4.7,5.1,2026-01-01,2021,11,9,1,0.09086908881410159,6.0,0.3124,0,1,0,0,0,1,0,1,0,0,0,0,0,0,1
CUST100024,290120.06,218128.82,604.8,42,19.53,2024-12-17,0,20.0,Graduate,0,4.7,5.1,2026-01-01,2024,12,17,1,0.751857075998123,7.0,0.1953,0,1,0,0,0,1,0,1,0,0,0,0,1,0,0
CUST100025,613505.34,198348.53,635.67,41,18.32,2021-04-17,0,30.0,Graduate,0,4.9,4.4,2026-01-01,2021,4,17,5,0.32330367328180065,6.833333333333333,0.1832,0,1,0,0,0,0,1,1,0,0,0,1,0,0,0
CUST100026,338577.05,250516.65,754.9,46,73.56,2023-11-12,0,37.0,Primary,0,6.0,6.2,2026-01-01,2023,11,12,6,0.7399103099279766,7.666666666666667,0.7356,0,1,0,1,0,0,0,0,0,1,1,0,0,0,0
CUST100027,2802660.61,1515151.51,648.5,36,37.99,2021-07-25,0,23.0,Graduate,0,6.0,6.2,2026-01-01,2021,7,25,6,0.5406118402613151,6.0,0.3799,1,0,0,1,0,0,0,1,0,0,0,0,1,0,0
CUST100028,701327.3,68205.12,689.32,52,37.32,2022-08-26,0,40.0,Graduate,1,4.7,5.1,2026-01-01,2022,8,26,4,0.09725148300943082,8.666666666666666,0.3732,0,1,0,0,0,1,0,1,0,0,0,0,0,1,0
CUST100029,340090.67,240557.55,610.08,49,15.5,2024-01-07,0,29.0,Graduate,4,4.9,4.4,2026-01-01,2024,1,7,6,0.7073335766606006,8.166666666666666,0.155,0,0,1,0,0,0,1,0,1,0,0,0,1,0,0
CUST100030,4000000.0,1563431.13,701.88,39,41.58,2023-07-09,0,33.0,Graduate,1,4.9,4.4,2026-01-01,2023,7,9,6,0.3908577825,6.5,0.4158,0,1,0,0,0,0,1,0,0,1,0,0,0,0,1
CUST100031,484037.38,80976.36,650.25,44,61.0,2025-11-25,0,29.0,Post-Graduate,0,4.9,4.4,2026-01-01,2025,11,25,1,0.16729360860518666,7.333333333333333,0.61,0,1,0,0,0,0,1,1,0,0,1,0,0,0,0
CUST100032,579391.5,428487.66,748.04,43,60.77,2025-07-13,0,56.0,Graduate,2,5.2,4.8,2026-01-01,2025,7,13,6,0.7395477151459764,7.166666666666667,0.6077,1,0,0,0,1,0,0,0,0,1,0,0,1,0,0
CUST100033,602889.14,79539.79,730.28,34,48.24,2019-11-15,0,36.0,Secondary,0,6.0,6.2,2026-01-01,2019,11,15,4,0.1319310379351003,5.666666666666667,0.4824,1,0,0,1,0,0,0,1,0,0,0,1,0,0,0
CUST100034,407727.14,123587.56,647.78,41,20.35,2023-03-17,0,24.0,Graduate,1,5.2,4.8,2026-01-01,2023,3,17,4,0.3031134007905385,6.833333333333333,0.20350000000000001,1,0,0,0,1,0,0,1,0,0,0,0,0,1,0
CUST100035,744725.71,118126.32,671.77,43,40.68,2021-11-14,0,45.0,Graduate,1,4.7,5.1,2026-01-01,2021,11,14,6,0.1586172176061976,7.166666666666667,0.4068,1,0,0,0,0,1,0,1,0,0,0,0,1,0,0
CUST100036,192686.65,38257.69,644.18,48,48.22,2019-05-23,0,23.0,Graduate,1,5.2,4.8,2026-01-01,2019,5,23,3,0.19854873184001073,8.0,0.48219999999999996,1,0,0,0,1,0,0,1,0,0,1,0,0,0,0
CUST100037,1181117.7,369331.08,587.74,42,14.79,2023-09-29,0,38.0,Secondary,1,6.0,6.2,2026-01-01,2023,9,29,4,0.31269625372644916,7.0,0.1479,0,1,0,1,0,0,0,1,0,0,0,1,0,0,0
CUST100038,349561.56,24207.45,624.27,31,20.43,2022-03-18,0,18.0,Secondary,2,6.0,6.2,2026-01-01,2022,3,18,4,0.06925089246083008,5.166666666666667,0.2043,0,0,1,1,0,0,0,1,0,0,0,0,0,1,0
CUST100039,671944.56,297486.58,692.88,59,53.61,2023-09-13,1,21.0,Post-Graduate,6,5.2,4.8,2026-01-01,2023,9,13,2,0.4427248878984897,9.833333333333334,0.5361,0,0,1,0,1,0,0,1,0,0,0,0,0,0,1
CUST100040,982704.22,80891.36,701.14,47,53.3,2025-11-23,1,38.0,Graduate,6,4.7,5.1,2026-01-01,2025,11,23,6,0.08231506322421206,7.833333333333333,0.5329999999999999,1,0,0,0,0,1,0,1,0,0,1,0,0,0,0
CUST100041,580865.25,299319.49,679.985,39,16.64,2019-12-29,0,44.0,Post-Graduate,5,4.7,5.1,2026-01-01,2019,12,29,6,0.5152993572950009,6.5,0.1664,0,1,0,0,0,1,0,1,0,0,1,0,0,0,0
CUST100042,594084.22,60816.8,660.39,44,51.26,2020-10-11,0,38.0,Graduate,1,4.7,5.1,2026-01-01,2020,10,11,6,0.10237067060963176,7.333333333333333,0.5126,1,0,0,0,0,1,0,0,1,0,0,0,0,1,0
CUST100043,372534.54,86516.92,740.65,31,36.64,2025-03-06,0,35.0,Graduate,2,5.2,4.8,2026-01-01,2025,3,6,3,0.23223865362927154,5.166666666666667,0.3664,0,1,0,0,1,0,0,1,0,0,0,0,0,1,0
CUST100044,2058183.1,805701.77,684.13,47,50.92,2020-07-02,0,33.0,Graduate,0,4.7,5.1,2026-01-01,2020,7,2,3,0.3914626303170014,7.833333333333333,0.5092,0,1,0,0,0,1,0,1,0,0,0,0,0,1,0
CUST100045,870691.46,662987.48,679.985,41,25.81,2022-02-09,0,20.0,Post-Graduate,4,4.9,4.4,2026-01-01,2022,2,9,2,0.7614493887421384,6.833333333333333,0.2581,0,1,0,0,0,0,1,1,0,0,0,0,1,0,0
CUST100046,358325.09,101749.1,679.985,45,47.7,2019-09-20,0,28.0,Graduate,1,5.2,4.8,2026-01-01,2019,9,20,4,0.2839575090876277,7.5,0.47700000000000004,0,1,0,0,1,0,0,1,0,0,0,0,0,1,0
CUST100047,716926.06,438373.15,425.04,31,52.48,2022-04-16,1,31.0,Graduate,1,5.2,4.8,2026-01-01,2022,4,16,5,0.6114621499461186,5.166666666666667,0.5247999999999999,1,0,0,0,1,0,0,0,1,0,1,0,0,0,0
CUST100048,344662.25,110590.49,698.45,43,29.57,2021-02-04,0,48.0,Secondary,2,4.7,5.1,2026-01-01,2021,2,4,3,0.32086626835401905,7.166666666666667,0.2957,1,0,0,0,0,1,0,0,1,0,0,0,0,0,1
CUST100049,1676226.18,1158042.86,587.39,36,35.3,2024-08-10,0,40.0,Graduate,1,4.9,4.4,2026-01-01,2024,8,10,5,0.690863126836499,6.0,0.353,1,0,0,0,0,0,1,1,0,0,0,1,0,0,0
CUST100050,725436.28,20000.0,666.19,35,25.64,2025-01-04,0,18.0,Graduate,1,6.0,6.2,2026-01-01,2025,1,4,5,0.02756961645204731,5.833333333333333,0.2564,0,1,0,1,0,0,0,1,0,0,0,0,1,0,0
CUST100051,380095.21,137966.21,660.36,42,77.33,2021-05-25,0,40.0,Secondary,0,6.0,6.2,2026-01-01,2021,5,25,1,0.36297802858394346,7.0,0.7733,0,1,0,1,0,0,0,0,1,0,1,0,0,0,0
CUST100052,953984.35,564098.06,783.18,34,33.04,2024-02-03,0,32.0,Secondary,1,4.7,5.1,2026-01-01,2024,2,3,5,0.591307456982916,5.666666666666667,0.33039999999999997,0,1,0,0,0,1,0,1,0,0,0,0,0,0,1
CUST100053,557816.88,124418.33,706.0,40,22.48,2022-02-26,0,29.0,Secondary,2,6.0,6.2,2026-01-01,2022,2,26,5,0.22304511473370975,6.666666666666667,0.2248,0,0,1,1,0,0,0,0,1,0,0,0,0,0,1
CUST100054,320040.2,214540.5,690.78,47,24.82,2024-04-06,0,43.0,Secondary,0,5.2,4.8,2026-01-01,2024,4,6,5,0.6703548491720728,7.833333333333333,0.2482,0,1,0,0,1,0,0,1,0,0,0,0,0,1,0
CUST100055,801550.4,173074.08,734.4,44,37.2,2020-09-20,0,47.0,Secondary,3,6.0,6.2,2026-01-01,2020,9,20,6,0.21592413901858196,7.333333333333333,0.37200000000000005,1,0,0,1,0,0,0,0,1,0,0,0,0,1,0
CUST100056,789212.31,721171.36,703.95,43,50.25,2023-03-06,0,46.0,Graduate,2,4.9,4.4,2026-01-01,2023,3,6,0,0.91378625353677,7.166666666666667,0.5025,1,0,0,0,0,0,1,1,0,0,1,0,0,0,0
CUST100057,1215275.23,618094.83,650.25,48,18.43,2023-09-21,0,27.0,Post-Graduate,3,6.0,6.2,2026-01-01,2023,9,21,3,0.5086048120967626,8.0,0.1843,0,1,0,1,0,0,0,1,0,0,1,0,0,0,0
CUST100058,673473.95,230219.99,749.65,44,84.96,2020-10-14,0,33.0,Graduate,2,4.9,4.4,2026-01-01,2020,10,14,2,0.34183948762977395,7.333333333333333,0.8495999999999999,1,0,0,0,0,0,1,0,0,1,0,0,0,1,0
CUST100059,14220862.78,2072936.06,607.87,50,40.59,2024-07-29,1,40.0,Secondary,2,4.9,4.4,2026-01-01,2024,7,29,0,0.14576724999522148,8.333333333333334,0.40590000000000004,1,0,0,0,0,0,1,1,0,0,0,0,1,0,0
CUST100060,709844.22,198736.03,701.01,47,43.78,2022-02-02,1,36.0,Primary,3,5.2,4.8,2026-01-01,2022,2,2,2,0.2799713294840944,7.833333333333333,0.4378,1,0,0,0,1,0,0,1,0,0,1,0,0,0,0
CUST100061,671944.56,1251159.8,679.985,39,33.4,2020-04-10,1,36.0,Graduate,1,4.9,4.4,2026-01-01,2020,4,10,4,1.8619985553570073,6.5,0.33399999999999996,1,0,0,0,0,0,1,1,0,0,0,0,0,1,0
CUST100062,548085.84,238506.22,693.26,42,35.33,2021-02-02,0,34.0,Graduate,2,5.2,4.8,2026-01-01,2021,2,2,1,0.4351621636494021,7.0,0.3533,0,1,0,0,1,0,0,1,0,0,0,0,0,0,1
CUST100063,841488.71,444352.98,692.54,48,32.6,2021-10-16,0,24.0,Post-Graduate,4,6.0,6.2,2026-01-01,2021,10,16,5,0.528055783422216,8.0,0.326,0,1,0,1,0,0,0,1,0,0,0,0,0,1,0
CUST100064,912494.78,749347.15,788.97,49,57.05,2021-07-17,0,23.0,Graduate,2,5.2,4.8,2026-01-01,2021,7,17,5,0.8212070539187084,8.166666666666666,0.5705,1,0,0,0,1,0,0,1,0,0,1,0,0,0,0
CUST100065,787882.88,180295.87,679.985,46,34.87,2022-10-13,0,45.0,Graduate,1,5.2,4.8,2026-01-01,2022,10,13,3,0.22883587723088994,7.666666666666667,0.34869999999999995,1,0,0,0,1,0,0,1,0,0,0,0,1,0,0
CUST100066,536799.59,233815.84,640.94,43,50.58,2020-11-05,0,51.0,Secondary,2,4.7,5.1,2026-01-01,2020,11,5,3,0.4355738051141209,7.166666666666667,0.5058,0,1,0,0,0,1,0,1,0,0,0,1,0,0,0
CUST100067,694578.07,466141.17,679.985,44,28.42,2021-10-05,0,35.0,Graduate,5,4.7,5.1,2026-01-01,2021,10,5,1,0.6711141484786585,7.333333333333333,0.2842,1,0,0,0,0,1,0,0,1,0,1,0,0,0,0
CUST100068,617365.11,146606.96,701.8,49,38.45,2022-05-11,0,47.0,Secondary,2,4.7,5.1,2026-01-01,2022,5,11,2,0.23747205280194728,8.166666666666666,0.3845,1,0,0,0,0,1,0,1,0,0,1,0,0,0,0
CUST100069,1909388.02,310067.5,691.72,41,23.79,2023-06-24,0,40.0,Post-Graduate,1,6.0,6.2,2026-01-01,2023,6,24,5,0.16239103668409943,6.833333333333333,0.2379,1,0,0,1,0,0,0,1,0,0,0,0,0,0,1
CUST100070,505325.25,266976.68,617.85,41,62.76,2019-10-08,0,29.0,Graduate,0,5.2,4.8,2026-01-01,2019,10,8,1,0.5283264194694407,6.833333333333333,0.6275999999999999,0,1,0,0,1,0,0,1,0,0,0,1,0,0,0
CUST100071,393489.42,132204.6,679.985,47,23.46,2022-07-04,0,40.0,Secondary,4,5.2,4.8,2026-01-01,2022,7,4,0,0.33598006269139336,7.833333333333333,0.2346,1,0,0,0,1,0,0,1,0,0,1,0,0,0,0
CUST100072,647786.67,458043.02,760.93,41,29.94,2019-11-20,0,53.0,Secondary,0,6.0,6.2,2026-01-01,2019,11,20,2,0.7070892953076666,6.833333333333333,0.2994,1,0,0,1,0,0,0,1,0,0,0,0,1,0,0
CUST100073,623150.68,33916.61,676.65,36,30.09,2023-08-13,1,36.0,Secondary,2,4.7,5.1,2026-01-01,2023,8,13,6,0.054427622545481294,6.0,0.3009,0,1,0,0,0,1,0,1,0,0,0,0,1,0,0
CUST100074,724322.18,545012.33,704.4,35,29.53,2021-12-21,0,53.0,Graduate,2,4.9,4.4,2026-01-01,2021,12,21,1,0.7524446234685233,5.833333333333333,0.2953,0,1,0,0,0,0,1,1,0,0,0,0,0,0,1
CUST100075,8188961.32,921684.11,672.51,39,49.51,2025-02-12,0,18.0,Secondary,2,6.0,6.2,2026-01-01,2025,2,12,2,0.11255201654805227,6.5,0.4951,0,0,1,1,0,0,0,1,0,0,0,0,0,1,0
CUST100076,690680.8,314768.96,603.1,34,30.06,2020-06-25,1,45.0,Graduate,2,4.9,4.4,2026-01-01,2020,6,25,3,0.4557372378094193,5.666666666666667,0.3006,0,1,0,0,0,0,1,1,0,0,0,1,0,0,0
CUST100077,698025.92,347858.82,740.7,32,68.34,2022-08-20,0,37.0,Secondary,3,6.0,6.2,2026-01-01,2022,8,20,5,0.4983465656977322,5.333333333333333,0.6834,1,0,0,1,0,0,0,1,0,0,0,0,1,0,0
CUST100078,1069842.47,142473.3,712.71,32,23.63,2023-12-16,0,33.0,Graduate,0,4.7,5.1,2026-01-01,2023,12,16,5,0.13317222300961748,5.333333333333333,0.23629999999999998,1,0,0,0,0,1,0,1,0,0,0,0,0,1,0
CUST100079,671944.56,122362.21,829.87,43,37.96,2020-09-30,0,37.0,Post-Graduate,1,6.0,6.2,2026-01-01,2020,9,30,2,0.1821016454095558,7.166666666666667,0.3796,0,1,0,1,0,0,0,1,0,0,0,0,0,0,1
CUST100080,687686.89,475692.87,613.99,40,24.12,2020-03-11,0,18.0,Graduate,1,4.7,5.1,2026-01-01,2020,3,11,2,0.6917288622442693,6.666666666666667,0.2412,1,0,0,0,0,1,0,1,0,0,1,0,0,0,0
CUST100081,863473.21,662052.6,733.47,32,42.84,2025-03-10,0,34.0,Graduate,1,4.7,5.1,2026-01-01,2025,3,10,0,0.7667320680394937,5.333333333333333,0.42840000000000006,0,1,0,0,0,1,0,1,0,0,0,0,1,0,0
CUST100082,1047521.99,305217.24,594.75,42,34.73,2022-11-30,1,40.0,Secondary,1,4.9,4.4,2026-01-01,2022,11,30,2,0.29137072339646064,7.0,0.34729999999999994,1,0,0,0,0,0,1,0,1,0,1,0,0,0,0
CUST100083,378399.56,182135.0,690.23,47,32.49,2021-08-19,0,52.0,Secondary,3,4.7,5.1,2026-01-01,2021,8,19,3,0.4813298408697938,7.833333333333333,0.3249,0,1,0,0,0,1,0,1,0,0,0,0,1,0,0
CUST100084,326423.64,128419.39,743.47,44,61.92,2022-03-03,0,30.0,Graduate,0,4.9,4.4,2026-01-01,2022,3,3,3,0.39341326504416163,7.333333333333333,0.6192,1,0,0,0,0,0,1,1,0,0,0,0,1,0,0
CUST100085,1651577.48,249658.51,545.31,46,25.57,2021-07-05,0,27.0,Graduate,3,4.9,4.4,2026-01-01,2021,7,5,0,0.15116366808295303,7.666666666666667,0.2557,0,1,0,0,0,0,1,1,0,0,0,0,0,1,0
CUST100086,957392.89,541578.98,666.68,34,46.38,2025-10-04,1,36.0,Graduate,1,4.9,4.4,2026-01-01,2025,10,4,5,0.5656810131522911,5.666666666666667,0.46380000000000005,0,1,0,0,0,0,1,1,0,0,0,1,0,0,0
CUST100087,576116.39,478261.65,643.39,44,24.2,2025-06-24,0,46.0,Primary,2,4.9,4.4,2026-01-01,2025,6,24,1,0.8301476199974106,7.333333333333333,0.242,0,0,1,0,0,0,1,1,0,0,0,0,0,1,0
CUST100088,657081.74,239133.4,634.37,53,36.95,2025-02-13,0,40.0,Secondary,1,4.7,5.1,2026-01-01,2025,2,13,3,0.3639324994786798,8.833333333333334,0.36950000000000005,0,1,0,0,0,1,0,1,0,0,1,0,0,0,0
CUST100089,523775.64,379183.51,705.04,62,19.72,2023-02-08,1,30.0,Primary,2,4.7,5.1,2026-01-01,2023,2,8,2,0.7239426216919901,10.333333333333334,0.1972,1,0,0,0,0,1,0,0,1,0,0,0,1,0,0
CUST100090,730096.53,153476.9,752.84,43,25.47,2025-01-18,0,42.0,Post-Graduate,4,6.0,6.2,2026-01-01,2025,1,18,5,0.21021453149489697,7.166666666666667,0.2547,0,1,0,1,0,0,0,1,0,0,0,1,0,0,0
CUST100091,380871.45,279659.65,671.34,42,33.65,2019-05-09,0,37.0,Secondary,1,4.7,5.1,2026-01-01,2019,5,9,3,0.7342625707440136,7.0,0.33649999999999997,1,0,0,0,0,1,0,0,0,1,0,0,1,0,0
CUST100092,1031804.21,445149.2,693.36,44,83.63,2019-10-31,0,47.0,Graduate,0,6.0,6.2,2026-01-01,2019,10,31,3,0.4314279741114838,7.333333333333333,0.8362999999999999,0,1,0,1,0,0,0,1,0,0,0,0,0,1,0
CUST100093,715850.78,310455.08,687.43,47,36.74,2021-07-05,0,28.0,Primary,3,6.0,6.2,2026-01-01,2021,7,5,0,0.4336868641813871,7.833333333333333,0.3674,0,0,1,1,0,0,0,1,0,0,0,0,0,0,1
CUST100094,15517425.09,6754321.44,680.12,47,77.45,2022-03-31,0,32.0,Graduate,3,6.0,6.2,2026-01-01,2022,3,31,3,0.43527333954089675,7.833333333333333,0.7745000000000001,0,1,0,1,0,0,0,1,0,0,0,0,0,1,0
CUST100095,397543.38,66275.79,609.19,36,38.9,2021-07-10,0,32.0,Secondary,1,4.7,5.1,2026-01-01,2021,7,10,5,0.1667133533955464,6.0,0.389,0,1,0,0,0,1,0,1,0,0,0,0,0,0,1
CUST100096,867243.04,602771.13,752.05,31,29.07,2021-11-25,0,20.0,Post-Graduate,1,5.2,4.8,2026-01-01,2021,11,25,3,0.6950429143830316,5.166666666666667,0.2907,0,1,0,0,1,0,0,1,0,0,0,0,1,0,0
CUST100097,402597.76,211181.21,679.985,38,73.28,2022-06-04,0,39.0,Post-Graduate,4,4.7,5.1,2026-01-01,2022,6,4,5,0.5245464107897669,6.333333333333333,0.7328,0,1,0,0,0,1,0,1,0,0,0,0,1,0,0
CUST100098,444206.43,128912.09,705.67,42,43.17,2025-01-07,0,39.0,Secondary,2,5.2,4.8,2026-01-01,2025,1,7,1,0.2902076181112462,7.0,0.43170000000000003,1,0,0,0,1,0,0,1,0,0,0,1,0,0,0
CUST100099,682091.91,444008.82,627.58,35,25.71,2020-08-15,0,36.0,Post-Graduate,1,4.9,4.4,2026-01-01,2020,8,15,5,0.6509515997631463,5.833333333333333,0.2571,0,1,0,0,0,0,1,0,0,1,0,0,0,0,1
CUST100100,2581187.67,885344.9,650.15,41,43.87,2024-09-25,0,33.0,Post-Graduate,2,4.7,5.1,2026-01-01,2024,9,25,2,0.34299904276235754,6.833333333333333,0.4387,1,0,0,0,0,1,0,0,1,0,0,1,0,0,0
CUST100101,714282.64,483493.89,668.55,43,30.41,2021-07-28,0,20.0,Post-Graduate,1,5.2,4.8,2026-01-01,2021,7,28,2,0.6768943593533226,7.166666666666667,0.3041,0,1,0,0,1,0,0,1,0,0,0,0,1,0,0
CUST100102,158243.01,55413.31,580.28,47,13.47,2025-03-28,0,31.0,Post-Graduate,1,5.2,4.8,2026-01-01,2025,3,28,4,0.35017856396942904,7.833333333333333,0.13470000000000001,0,1,0,0,1,0,0,1,0,0,0,0,0,0,1
CUST100103,456503.61,35048.38,679.985,47,54.85,2023-04-12,0,32.0,Secondary,2,6.0,6.2,2026-01-01,2023,4,12,2,0.07677569077712222,7.833333333333333,0.5485,1,0,0,1,0,0,0,1,0,0,0,0,0,0,1
CUST100104,946738.93,325308.04,640.95,52,59.2,2021-09-28,0,27.0,Graduate,2,6.0,6.2,2026-01-01,2021,9,28,1,0.34360902429564183,8.666666666666666,0.5920000000000001,1,0,0,1,0,0,0,1,0,0,0,0,1,0,0
CUST100105,349435.45,285178.14,713.96,38,84.57,2025-01-21,0,34.0,Primary,0,4.7,5.1,2026-01-01,2025,1,21,1,0.8161110728748329,6.333333333333333,0.8456999999999999,0,1,0,0,0,1,0,1,0,0,0,0,0,0,1
CUST100106,671944.56,644623.5,637.55,38,42.86,2023-05-30,0,40.0,Secondary,2,5.2,4.8,2026-01-01,2023,5,30,1,0.9593403062895545,6.333333333333333,0.4286,1,0,0,0,1,0,0,1,0,0,1,0,0,0,0
CUST100107,709332.0,287394.16,613.78,42,31.06,2023-06-16,0,57.0,Post-Graduate,2,4.7,5.1,2026-01-01,2023,6,16,4,0.40516170143176955,7.0,0.3106,0,1,0,0,0,1,0,1,0,0,0,0,0,1,0
CUST100108,1121253.26,61724.92,627.05,42,52.26,2023-05-17,1,38.0,Secondary,1,4.7,5.1,2026-01-01,2023,5,17,2,0.05504993581913866,7.0,0.5226,1,0,0,0,0,1,0,1,0,0,0,1,0,0,0
CUST100109,477996.11,166785.16,650.4,37,52.63,2022-01-08,0,39.0,Graduate,1,6.0,6.2,2026-01-01,2022,1,8,5,0.34892576845447554,6.166666666666667,0.5263,1,0,0,1,0,0,0,0,0,1,0,1,0,0,0
CUST100110,457941.39,381137.44,657.0,42,76.84,2024-12-27,0,35.0,Post-Graduate,2,6.0,6.2,2026-01-01,2024,12,27,4,0.8322843235462949,7.0,0.7684000000000001,0,1,0,1,0,0,0,0,1,0,0,1,0,0,0
CUST100111,886884.0,614126.17,820.76,33,34.26,2025-09-13,0,18.0,Post-Graduate,0,4.7,5.1,2026-01-01,2025,9,13,5,0.6924537707298813,5.5,0.34259999999999996,1,0,0,0,0,1,0,0,0,1,1,0,0,0,0
CUST100112,647314.17,170189.57,748.55,40,32.33,2024-05-09,0,36.0,Post-Graduate,4,5.2,4.8,2026-01-01,2024,5,9,3,0.2629164907667632,6.666666666666667,0.3233,1,0,0,0,1,0,0,1,0,0,0,0,1,0,0
CUST100113,626131.13,23108.63,746.61,40,24.83,2019-05-10,0,37.0,Secondary,3,4.9,4.4,2026-01-01,2019,5,10,4,0.03690701339190722,6.666666666666667,0.2483,1,0,0,0,0,0,1,1,0,0,0,0,0,1,0
CUST100114,1540566.97,1027207.39,755.96,38,45.3,2025-10-29,0,63.0,Primary,2,4.7,5.1,2026-01-01,2025,10,29,2,0.6667723052636914,6.333333333333333,0.45299999999999996,1,0,0,0,0,1,0,1,0,0,0,0,0,0,1
CUST100115,671944.56,209320.32,615.08,44,16.65,2019-01-29,0,34.0,Graduate,0,6.0,6.2,2026-01-01,2019,1,29,1,0.31151427135595827,7.333333333333333,0.16649999999999998,0,1,0,1,0,0,0,1,0,0,0,1,0,0,0
CUST100116,217568.71,91626.67,679.985,46,50.8,2022-05-10,0,39.0,Secondary,1,5.2,4.8,2026-01-01,2022,5,10,1,0.42113900477692773,7.666666666666667,0.508,0,1,0,0,1,0,0,1,0,0,0,0,0,0,1
CUST100117,1008742.55,121675.1,608.05,41,46.41,2022-06-14,0,36.0,Primary,0,4.7,5.1,2026-01-01,2022,6,14,1,0.12062056864757019,6.833333333333333,0.46409999999999996,1,0,0,0,0,1,0,1,0,0,0,0,0,0,1
CUST100118,954707.68,456529.01,766.74,37,46.35,2023-06-20,0,23.0,Graduate,2,5.2,4.8,2026-01-01,2023,6,20,1,0.4781872185211708,6.166666666666667,0.4635,0,1,0,0,1,0,0,1,0,0,0,0,0,0,1
CUST100119,1247221.52,591961.77,644.43,43,37.4,2021-03-09,0,49.0,Graduate,2,6.0,6.2,2026-01-01,2021,3,9,1,0.47462440353017643,7.166666666666667,0.374,1,0,0,1,0,0,0,1,0,0,1,0,0,0,0
CUST100120,671944.56,217991.38,598.66,44,73.05,2022-09-24,0,44.0,Graduate,1,4.9,4.4,2026-01-01,2022,9,24,5,0.32441869906648246,7.333333333333333,0.7304999999999999,1,0,0,0,0,0,1,1,0,0,0,0,0,1,0
CUST100121,777136.16,222740.15,651.99,41,53.19,2022-11-23,1,45.0,Secondary,4,4.7,5.1,2026-01-01,2022,11,23,2,0.2866166335639304,6.833333333333333,0.5318999999999999,0,1,0,0,0,1,0,1,0,0,0,0,1,0,0
CUST100122,691158.29,462849.99,664.49,29,26.15,2025-05-25,0,26.0,Graduate,5,5.2,4.8,2026-01-01,2025,5,25,6,0.6696729196433424,4.833333333333333,0.2615,0,1,0,0,1,0,0,1,0,0,0,0,0,1,0
CUST100123,383858.83,147155.95,697.45,49,26.38,2019-04-10,0,51.0,Secondary,1,5.2,4.8,2026-01-01,2019,4,10,2,0.3833595543444969,8.166666666666666,0.2638,0,1,0,0,1,0,0,1,0,0,0,1,0,0,0
CUST100124,1094107.21,834632.09,679.985,35,22.95,2024-04-23,0,21.0,Primary,2,4.7,5.1,2026-01-01,2024,4,23,1,0.7628430581313873,5.833333333333333,0.22949999999999998,1,0,0,0,0,1,0,1,0,0,0,0,1,0,0
CUST100125,569137.5,227926.81,626.17,44,45.6,2020-02-26,1,42.0,Graduate,3,5.2,4.8,2026-01-01,2020,2,26,2,0.4004775823065604,7.333333333333333,0.456,1,0,0,0,1,0,0,1,0,0,0,0,0,1,0
CUST100126,1225341.89,589264.22,724.57,48,21.66,2020-11-24,0,60.0,Graduate,3,5.2,4.8,2026-01-01,2020,11,24,1,0.480897800694629,8.0,0.21660000000000001,1,0,0,0,1,0,0,0,0,1,0,0,0,0,1
CUST100127,431988.96,177382.79,638.45,42,58.87,2020-12-06,0,25.0,Graduate,2,4.9,4.4,2026-01-01,2020,12,6,6,0.41061880377683724,7.0,0.5887,0,1,0,0,0,0,1,1,0,0,0,0,0,0,1
CUST100128,291095.2,55883.41,669.84,42,66.05,2019-01-18,0,30.0,Primary,2,4.7,5.1,2026-01-01,2019,1,18,4,0.1919764049699205,7.0,0.6605,0,1,0,0,0,1,0,0,1,0,0,1,0,0,0
CUST100129,568818.25,268078.68,724.64,52,22.95,2025-11-23,0,37.0,Post-Graduate,2,4.7,5.1,2026-01-01,2025,11,23,6,0.4712905748013535,8.666666666666666,0.22949999999999998,0,0,1,0,0,1,0,1,0,0,0,0,1,0,0
CUST100130,738428.75,426368.92,638.28,40,32.02,2021-10-27,0,30.0,Graduate,3,4.9,4.4,2026-01-01,2021,10,27,2,0.5774002163377306,6.666666666666667,0.32020000000000004,0,0,1,0,0,0,1,1,0,0,0,0,1,0,0
CUST100131,484522.86,188089.79,642.99,44,35.28,2025-10-02,0,19.0,Graduate,1,5.2,4.8,2026-01-01,2025,10,2,3,0.3881959047298615,7.333333333333333,0.3528,0,1,0,0,1,0,0,1,0,0,0,0,0,0,1
CUST100132,120484.5,71164.86,718.46,42,53.5,2020-01-15,0,37.0,Graduate,0,4.9,4.4,2026-01-01,2020,1,15,2,0.5906557275002179,7.0,0.535,1,0,0,0,0,0,1,1,0,0,1,0,0,0,0
CUST100133,671944.56,737500.9,624.25,43,75.78,2019-04-24,1,24.0,Post-Graduate,2,4.7,5.1,2026-01-01,2019,4,24,2,1.0975621262563684,7.166666666666667,0.7578,1,0,0,0,0,1,0,1,0,0,0,1,0,0,0
CUST100134,671944.56,421616.39,654.99,48,15.59,2023-06-08,0,41.0,Graduate,2,4.9,4.4,2026-01-01,2023,6,8,3,0.6274571074732713,8.0,0.1559,1,0,0,0,0,0,1,0,1,0,0,1,0,0,0
CUST100135,948530.9,674699.77,716.12,47,30.04,2021-04-30,0,26.0,Graduate,1,6.0,6.2,2026-01-01,2021,4,30,4,0.7113102693860579,7.833333333333333,0.3004,0,1,0,1,0,0,0,1,0,0,0,1,0,0,0
CUST100136,527264.08,74196.54,813.52,35,30.8,2024-03-11,0,53.0,Post-Graduate,3,4.9,4.4,2026-01-01,2024,3,11,0,0.14071988366816113,5.833333333333333,0.308,1,0,0,0,0,0,1,1,0,0,0,0,0,0,1
CUST100137,511677.18,24501.27,719.35,36,17.87,2021-09-02,0,27.0,Graduate,3,4.9,4.4,2026-01-01,2021,9,2,3,0.0478842343526049,6.0,0.1787,1,0,0,0,0,0,1,1,0,0,0,0,0,1,0
CUST100138,1435328.95,251543.61,710.72,47,27.73,2025-11-21,0,32.0,Graduate,4,4.7,5.1,2026-01-01,2025,11,21,4,0.17525154077049723,7.833333333333333,0.2773,1,0,0,0,0,1,0,0,1,0,0,0,0,1,0
CUST100139,273280.79,221382.85,714.5,48,42.98,2019-04-03,0,36.0,Graduate,2,4.9,4.4,2026-01-01,2019,4,3,2,0.81009298165451,8.0,0.42979999999999996,0,1,0,0,0,0,1,1,0,0,0,0,0,0,1
CUST100140,671944.56,104202.36,610.24,41,30.62,2023-02-24,0,22.0,Graduate,4,4.7,5.1,2026-01-01,2023,2,24,4,0.155075829470217,6.833333333333333,0.3062,0,1,0,0,0,1,0,1,0,0,0,0,0,0,1
CUST100141,702916.69,544258.55,687.51,41,16.68,2022-01-30,0,39.0,Secondary,4,4.7,5.1,2026-01-01,2022,1,30,6,0.774285996822753,6.833333333333333,0.1668,0,1,0,0,0,1,0,1,0,0,0,0,0,0,1
CUST100142,907128.73,132617.78,678.07,45,139.06,2020-05-07,0,50.0,Graduate,0,4.7,5.1,2026-01-01,2020,5,7,3,0.14619510507621117,7.5,1.3906,1,0,0,0,0,1,0,0,1,0,0,0,1,0,0
CUST100143,713615.51,302707.6,700.9,48,39.77,2023-02-17,0,18.0,Post-Graduate,1,6.0,6.2,2026-01-01,2023,2,17,4,0.424188650271909,8.0,0.39770000000000005,0,1,0,1,0,0,0,0,0,1,1,0,0,0,0
CUST100144,391457.29,566200.29,687.57,45,36.93,2025-12-01,1,38.0,Post-Graduate,2,5.2,4.8,2026-01-01,2025,12,1,0,1.4463909715412377,7.5,0.3693,1,0,0,0,1,0,0,1,0,0,0,0,1,0,0
CUST100145,1235412.29,319983.68,704.68,37,20.66,2024-07-28,0,39.0,Secondary,2,6.0,6.2,2026-01-01,2024,7,28,6,0.25900962989448645,6.166666666666667,0.2066,0,0,1,1,0,0,0,0,1,0,0,0,0,1,0
CUST100146,650682.26,325507.95,659.75,38,39.67,2019-06-16,0,45.0,Graduate,1,6.0,6.2,2026-01-01,2019,6,16,6,0.5002563770526032,6.333333333333333,0.3967,0,1,0,1,0,0,0,0,1,0,0,0,1,0,0
CUST100147,671944.56,119895.11,683.81,48,32.35,2019-05-20,0,22.0,Secondary,0,4.9,4.4,2026-01-01,2019,5,20,0,0.17843006274208098,8.0,0.3235,1,0,0,0,0,0,1,1,0,0,0,0,0,1,0
CUST100148,729252.12,147625.59,600.19,43,14.14,2019-04-04,1,21.0,Post-Graduate,1,4.9,4.4,2026-01-01,2019,4,4,3,0.2024342280965875,7.166666666666667,0.1414,1,0,0,0,0,0,1,1,0,0,0,1,0,0,0
CUST100149,844187.51,116166.2,659.21,53,20.94,2020-07-29,0,42.0,Post-Graduate,3,4.7,5.1,2026-01-01,2020,7,29,2,0.1376071057957254,8.833333333333334,0.2094,1,0,0,0,0,1,0,1,0,0,0,0,0,0,1
CUST100150,1910999.22,699640.25,770.4,45,51.26,2020-08-28,0,39.0,Graduate,1,4.7,5.1,2026-01-01,2020,8,28,4,0.3661122635099767,7.5,0.5126,1,0,0,0,0,1,0,0,0,1,0,1,0,0,0
CUST100151,813857.76,401791.36,700.72,36,88.99,2023-12-24,0,39.0,Post-Graduate,1,4.7,5.1,2026-01-01,2023,12,24,6,0.49368744730037345,6.0,0.8898999999999999,1,0,0,0,0,1,0,1,0,0,0,0,0,0,1
CUST100152,287682.75,185071.44,678.64,37,41.75,2022-03-01,0,40.0,Graduate,3,5.2,4.8,2026-01-01,2022,3,1,1,0.6433178214543624,6.166666666666667,0.4175,1,0,0,0,1,0,0,0,1,0,0,1,0,0,0
CUST100153,293294.33,201049.24,803.25,39,59.43,2020-08-06,0,29.0,Graduate,1,5.2,4.8,2026-01-01,2020,8,6,3,0.6854862826703809,6.5,0.5943,1,0,0,0,1,0,0,1,0,0,0,1,0,0,0
CUST100154,1298886.41,367368.59,591.55,60,32.48,2021-03-26,0,39.0,Primary,2,4.7,5.1,2026-01-01,2021,3,26,4,0.28283350042903294,10.0,0.3248,1,0,0,0,0,1,0,0,1,0,0,0,1,0,0
CUST100155,417978.8,43896.24,607.89,46,33.58,2024-04-11,0,39.0,Graduate,1,4.7,5.1,2026-01-01,2024,4,11,3,0.10502025461578433,7.666666666666667,0.3358,1,0,0,0,0,1,0,1,0,0,1,0,0,0,0
CUST100156,277189.89,171574.61,791.33,36,59.09,2023-03-16,0,28.0,Graduate,1,4.9,4.4,2026-01-01,2023,3,16,3,0.6189785998327716,6.0,0.5909,1,0,0,0,0,0,1,1,0,0,0,0,1,0,0
CUST100157,1126931.06,942111.54,682.99,39,77.75,2021-08-20,0,57.0,Graduate,2,6.0,6.2,2026-01-01,2021,8,20,4,0.8359974921624753,6.5,0.7775,1,0,0,1,0,0,0,0,1,0,0,0,0,0,1
CUST100158,500354.91,157026.83,664.23,44,65.36,2021-12-11,0,41.0,Graduate,3,4.7,5.1,2026-01-01,2021,12,11,5,0.3138308965530087,7.333333333333333,0.6536,1,0,0,0,0,1,0,0,1,0,0,0,0,1,0
CUST100159,1094256.09,403202.19,602.05,48,20.98,2024-08-09,1,23.0,Post-Graduate,2,6.0,6.2,2026-01-01,2024,8,9,4,0.3684715065191001,8.0,0.20980000000000001,0,1,0,1,0,0,0,0,1,0,0,0,0,0,1
CUST100160,393026.34,262190.1,709.1,51,33.89,2022-08-06,0,36.0,Secondary,0,5.2,4.8,2026-01-01,2022,8,6,5,0.6671056703222485,8.5,0.3389,1,0,0,0,1,0,0,1,0,0,0,0,0,1,0
CUST100161,1462012.44,1069085.2,715.39,40,39.99,2020-03-21,0,25.0,Graduate,1,4.7,5.1,2026-01-01,2020,3,21,5,0.7312422047516914,6.666666666666667,0.39990000000000003,1,0,0,0,0,1,0,0,1,0,0,0,0,0,1
CUST100162,671944.56,282079.2,679.985,46,30.9,2025-04-03,0,45.0,Graduate,1,6.0,6.2,2026-01-01,2025,4,3,3,0.4197953474018749,7.666666666666667,0.309,1,0,0,1,0,0,0,1,0,0,0,1,0,0,0
CUST100163,12106833.5,3210023.2,679.985,30,42.16,2023-02-23,0,49.0,Graduate,1,4.7,5.1,2026-01-01,2023,2,23,3,0.2651414343808396,5.0,0.4216,0,1,0,0,0,1,0,1,0,0,1,0,0,0,0
CUST100164,671944.56,20301.13,658.19,48,51.9,2021-12-03,0,27.0,Graduate,2,4.7,5.1,2026-01-01,2021,12,3,4,0.03021250741281394,8.0,0.519,1,0,0,0,0,1,0,1,0,0,1,0,0,0,0
CUST100165,2309560.41,235541.54,696.64,38,56.64,2021-05-31,1,47.0,Secondary,2,4.9,4.4,2026-01-01,2021,5,31,0,0.10198544232926127,6.333333333333333,0.5664,0,1,0,0,0,0,1,1,0,0,0,0,0,1,0
CUST100166,579032.22,196734.02,607.25,33,78.62,2021-07-25,0,41.0,Secondary,1,4.9,4.4,2026-01-01,2021,7,25,6,0.33976351091481577,5.5,0.7862,1,0,0,0,0,0,1,1,0,0,0,0,0,0,1
CUST100167,671944.56,222715.96,761.38,37,29.88,2024-05-02,1,45.0,Graduate,7,6.0,6.2,2026-01-01,2024,5,2,3,0.3314499041409011,6.166666666666667,0.2988,0,1,0,1,0,0,0,0,0,1,0,0,0,1,0
CUST100168,1393316.16,729832.36,739.53,35,18.19,2025-08-03,0,57.0,Graduate,0,6.0,6.2,2026-01-01,2025,8,3,6,0.523809585327712,5.833333333333333,0.1819,1,0,0,1,0,0,0,1,0,0,0,0,0,1,0
CUST100169,1093501.58,145174.0,656.39,43,41.57,2023-03-30,0,33.0,Secondary,2,6.0,6.2,2026-01-01,2023,3,30,3,0.13276066779894363,7.166666666666667,0.4157,0,0,1,1,0,0,0,1,0,0,1,0,0,0,0
CUST100170,1245771.71,87190.1,665.93,43,86.45,2020-04-06,0,28.0,Graduate,0,5.2,4.8,2026-01-01,2020,4,6,0,0.06998882644397184,7.166666666666667,0.8645,0,1,0,0,1,0,0,1,0,0,0,0,0,1,0
CUST100171,671944.56,214389.02,671.13,53,27.84,2019-04-11,1,26.0,Graduate,4,4.7,5.1,2026-01-01,2019,4,11,3,0.3190576020140709,8.833333333333334,0.2784,0,0,1,0,0,1,0,1,0,0,0,0,0,1,0
CUST100172,1829050.84,605011.05,629.41,39,48.67,2025-05-04,0,27.0,Graduate,2,5.2,4.8,2026-01-01,2025,5,4,6,0.3307786950306969,6.5,0.4867,0,1,0,0,1,0,0,1,0,0,0,0,1,0,0
CUST100173,316123.31,166253.51,651.18,34,48.88,2020-02-12,0,35.0,Post-Graduate,2,4.7,5.1,2026-01-01,2020,2,12,2,0.525913479774712,5.666666666666667,0.4888,1,0,0,0,0,1,0,0,0,1,1,0,0,0,0
CUST100174,479788.38,70441.25,662.43,44,38.37,2025-11-20,0,40.0,Secondary,0,6.0,6.2,2026-01-01,2025,11,20,3,0.14681733225802593,7.333333333333333,0.3837,1,0,0,1,0,0,0,0,1,0,0,0,0,1,0
CUST100175,805453.67,157469.94,784.84,31,35.12,2023-10-06,0,36.0,Primary,2,5.2,4.8,2026-01-01,2023,10,6,4,0.19550465267605024,5.166666666666667,0.35119999999999996,1,0,0,0,1,0,0,0,1,0,0,0,1,0,0
CUST100176,1235750.31,473279.17,679.985,40,22.47,2019-09-16,1,45.0,Graduate,2,4.9,4.4,2026-01-01,2019,9,16,0,0.3829893192581922,6.666666666666667,0.22469999999999998,1,0,0,0,0,0,1,0,0,1,1,0,0,0,0
CUST100177,6475157.29,2595237.18,740.75,41,11.71,2020-05-23,0,36.0,Graduate,3,4.9,4.4,2026-01-01,2020,5,23,5,0.4007990947197516,6.833333333333333,0.11710000000000001,1,0,0,0,0,0,1,1,0,0,0,0,0,0,1
CUST100178,671944.56,267112.3,704.05,43,20.53,2023-08-18,0,52.0,Graduate,0,4.9,4.4,2026-01-01,2023,8,18,4,0.39752133717698374,7.166666666666667,0.2053,0,1,0,0,0,0,1,1,0,0,0,0,0,0,1
CUST100179,500516.74,295190.39,607.37,52,29.02,2019-11-05,0,33.0,Post-Graduate,2,6.0,6.2,2026-01-01,2019,11,5,1,0.5897712631949134,8.666666666666666,0.2902,0,1,0,1,0,0,0,1,0,0,1,0,0,0,0
CUST100180,671944.56,172572.99,677.3,36,59.27,2020-09-16,1,66.0,Post-Graduate,2,4.9,4.4,2026-01-01,2020,9,16,2,0.2568262328070637,6.0,0.5927,1,0,0,0,0,0,1,1,0,0,1,0,0,0,0
CUST100181,989688.42,618443.89,743.08,34,33.31,2024-11-27,0,43.0,Post-Graduate,2,5.2,4.8,2026-01-01,2024,11,27,2,0.6248874671080823,5.666666666666667,0.3331,1,0,0,0,1,0,0,1,0,0,0,1,0,0,0
CUST100182,401811.98,205336.82,598.21,38,27.28,2020-11-09,0,27.0,Graduate,0,4.9,4.4,2026-01-01,2020,11,9,0,0.5110271226855905,6.333333333333333,0.2728,1,0,0,0,0,0,1,1,0,0,0,0,0,1,0
CUST100183,395291.79,252828.11,721.38,43,22.82,2022-07-07,0,24.0,Graduate,3,5.2,4.8,2026-01-01,2022,7,7,3,0.6395986873392944,7.166666666666667,0.22820000000000001,1,0,0,0,1,0,0,1,0,0,1,0,0,0,0
CUST100184,15434829.12,12420472.69,830.97,38,47.97,2023-08-08,0,41.0,Graduate,2,4.9,4.4,2026-01-01,2023,8,8,1,0.804704256421337,6.333333333333333,0.4797,0,1,0,0,0,0,1,1,0,0,0,0,0,0,1
CUST100185,448721.91,124180.77,749.02,56,67.18,2021-01-11,0,34.0,Secondary,0,4.7,5.1,2026-01-01,2021,1,11,0,0.27674327291038675,9.333333333333334,0.6718000000000001,1,0,0,0,0,1,0,1,0,0,1,0,0,0,0
CUST100186,1145257.6,801865.1,679.985,29,58.31,2021-06-25,0,44.0,Graduate,5,4.9,4.4,2026-01-01,2021,6,25,4,0.7001613436138734,4.833333333333333,0.5831000000000001,0,1,0,0,0,0,1,1,0,0,0,0,0,1,0
CUST100187,826025.08,286545.49,694.19,34,46.82,2019-09-25,0,41.0,Secondary,3,4.9,4.4,2026-01-01,2019,9,25,2,0.34689683998456805,5.666666666666667,0.4682,1,0,0,0,0,0,1,1,0,0,0,0,1,0,0
CUST100188,883379.9,365557.21,742.92,44,17.24,2024-07-23,0,35.0,Post-Graduate,0,5.2,4.8,2026-01-01,2024,7,23,1,0.41381653578488714,7.333333333333333,0.1724,0,1,0,0,1,0,0,1,0,0,0,0,1,0,0
CUST100189,722263.96,503832.65,679.985,41,29.56,2021-07-28,1,27.0,Graduate,2,4.7,5.1,2026-01-01,2021,7,28,2,0.6975741251162526,6.833333333333333,0.2956,0,1,0,0,0,1,0,1,0,0,1,0,0,0,0
CUST100190,741219.09,524869.09,731.73,40,89.13,2021-03-21,0,19.0,Graduate,2,4.9,4.4,2026-01-01,2021,3,21,6,0.7081159903747217,6.666666666666667,0.8913,0,1,0,0,0,0,1,0,1,0,1,0,0,0,0
CUST100191,272318.62,123652.16,722.54,48,59.97,2022-04-15,0,31.0,Graduate,2,4.7,5.1,2026-01-01,2022,4,15,4,0.4540716312384368,8.0,0.5997,0,1,0,0,0,1,0,1,0,0,0,0,1,0,0
CUST100192,1006036.24,469421.39,698.84,41,16.73,2024-11-21,0,45.0,Primary,5,4.9,4.4,2026-01-01,2024,11,21,3,0.46660485113339456,6.833333333333333,0.1673,1,0,0,0,0,0,1,1,0,0,0,0,0,1,0
CUST100193,476781.13,127817.26,765.54,39,34.08,2022-06-13,0,38.0,Primary,0,6.0,6.2,2026-01-01,2022,6,13,0,0.2680837221892569,6.5,0.3408,0,1,0,1,0,0,0,0,1,0,0,0,0,0,1
CUST100194,638254.39,425604.13,644.98,39,41.66,2022-01-21,0,22.0,Graduate,1,4.7,5.1,2026-01-01,2022,1,21,4,0.666825229357216,6.5,0.41659999999999997,0,1,0,0,0,1,0,1,0,0,1,0,0,0,0
CUST100195,501060.7,380977.41,667.84,46,24.28,2025-02-26,0,38.0,Secondary,3,4.7,5.1,2026-01-01,2025,2,26,2,0.7603418308400558,7.666666666666667,0.24280000000000002,0,1,0,0,0,1,0,1,0,0,0,0,0,1,0
CUST100196,704298.11,20000.0,686.21,44,11.55,2024-01-09,1,40.0,Graduate,2,5.2,4.8,2026-01-01,2024,1,9,1,0.02839706612303702,7.333333333333333,0.1155,0,1,0,0,1,0,0,0,1,0,0,1,0,0,0
CUST100197,890848.18,364341.71,613.08,46,36.7,2021-06-17,0,26.0,Post-Graduate,2,4.9,4.4,2026-01-01,2021,6,17,3,0.40898294252562767,7.666666666666667,0.36700000000000005,0,1,0,0,0,0,1,1,0,0,0,0,0,0,1
CUST100198,373195.38,302541.1,694.75,50,23.98,2021-07-13,0,38.0,Post-Graduate,1,4.7,5.1,2026-01-01,2021,7,13,1,0.8106775062435124,8.333333333333334,0.2398,0,1,0,0,0,1,0,0,1,0,0,0,0,0,1
CUST100199,746939.68,358074.79,568.27,41,24.03,2023-11-26,1,37.0,Graduate,1,6.0,6.2,2026-01-01,2023,11,26,6,0.47938916566863865,6.833333333333333,0.2403,1,0,0,1,0,0,0,0,1,0,0,1,0,0,0
CUST100200,507766.12,211028.82,748.05,54,29.52,2021-11-24,0,23.0,Secondary,0,4.7,5.1,2026-01-01,2021,11,24,2,0.4156024037208312,9.0,0.2952,1,0,0,0,0,1,0,1,0,0,0,0,0,1,0
CUST100201,1344496.25,987464.63,683.03,53,32.82,2020-11-18,0,40.0,Post-Graduate,1,6.0,6.2,2026-01-01,2020,11,18,2,0.7344495233809689,8.833333333333334,0.3282,1,0,0,1,0,0,0,1,0,0,0,0,0,1,0
CUST100202,352104.64,152750.11,646.14,37,34.85,2023-01-21,0,42.0,Post-Graduate,1,4.9,4.4,2026-01-01,2023,1,21,5,0.4338202132184341,6.166666666666667,0.34850000000000003,0,1,0,0,0,0,1,1,0,0,0,1,0,0,0
CUST100203,374498.73,95180.46,625.77,42,22.9,2023-02-03,1,48.0,Secondary,3,4.9,4.4,2026-01-01,2023,2,3,4,0.25415429312670834,7.0,0.22899999999999998,0,1,0,0,0,0,1,1,0,0,0,0,1,0,0
CUST100204,533366.47,373766.12,664.75,42,31.49,2024-05-12,0,48.0,Graduate,3,4.7,5.1,2026-01-01,2024,5,12,6,0.7007679354122129,7.0,0.31489999999999996,1,0,0,0,0,1,0,1,0,0,0,0,1,0,0
CUST100205,390671.99,119485.92,724.74,37,15.06,2021-02-26,0,21.0,Secondary,2,4.9,4.4,2026-01-01,2021,2,26,4,0.30584716349897517,6.166666666666667,0.1506,1,0,0,0,0,0,1,1,0,0,1,0,0,0,0
CUST100206,574536.03,368197.45,715.6,53,40.64,2020-02-03,0,36.0,Post-Graduate,1,4.9,4.4,2026-01-01,2020,2,3,0,0.6408605044317238,8.833333333333334,0.4064,0,1,0,0,0,0,1,1,0,0,1,0,0,0,0
CUST100207,486207.43,20000.0,634.14,44,8.88,2024-12-04,0,42.0,Post-Graduate,1,6.0,6.2,2026-01-01,2024,12,4,2,0.04113470664156654,7.333333333333333,0.0888,0,1,0,1,0,0,0,1,0,0,0,0,0,1,0
CUST100208,682388.52,147142.68,625.01,42,30.46,2019-12-28,0,42.0,Primary,1,4.9,4.4,2026-01-01,2019,12,28,5,0.21562889129494733,7.0,0.3046,0,1,0,0,0,0,1,1,0,0,0,0,0,1,0
CUST100209,1131627.32,233664.75,722.7,35,54.41,2019-07-23,0,42.0,Post-Graduate,3,5.2,4.8,2026-01-01,2019,7,23,1,0.20648560340519173,5.833333333333333,0.5440999999999999,0,1,0,0,1,0,0,1,0,0,0,1,0,0,0
CUST100210,675988.56,556719.9,633.05,34,21.05,2025-10-27,1,75.0,Graduate,4,5.2,4.8,2026-01-01,2025,10,27,0,0.8235640851673585,5.666666666666667,0.21050000000000002,0,1,0,0,1,0,0,1,0,0,0,0,0,1,0
CUST100211,710712.06,448037.41,679.985,30,49.36,2020-12-27,0,42.0,Post-Graduate,1,4.9,4.4,2026-01-01,2020,12,27,6,0.6304063701972357,5.0,0.4936,1,0,0,0,0,0,1,0,1,0,0,0,0,1,0
CUST100212,363378.48,105327.69,688.04,47,60.95,2024-07-31,1,48.0,Graduate,3,4.7,5.1,2026-01-01,2024,7,31,2,0.28985670808023634,7.833333333333333,0.6095,1,0,0,0,0,1,0,1,0,0,1,0,0,0,0
CUST100213,603797.94,20000.0,700.28,54,7.15,2023-06-29,0,46.0,Post-Graduate,2,4.9,4.4,2026-01-01,2023,6,29,3,0.03312366385350702,9.0,0.07150000000000001,1,0,0,0,0,0,1,1,0,0,1,0,0,0,0
CUST100214,515433.04,212999.75,735.79,43,32.55,2023-05-24,0,43.0,Primary,1,4.9,4.4,2026-01-01,2023,5,24,2,0.41324426932351876,7.166666666666667,0.32549999999999996,1,0,0,0,0,0,1,0,0,1,1,0,0,0,0
CUST100215,945652.24,457981.54,597.91,40,8.8,2021-02-05,0,33.0,Secondary,2,5.2,4.8,2026-01-01,2021,2,5,4,0.48430228431542655,6.666666666666667,0.08800000000000001,1,0,0,0,1,0,0,1,0,0,1,0,0,0,0
CUST100216,426861.89,20000.0,555.77,35,33.07,2022-06-08,0,44.0,Primary,2,4.9,4.4,2026-01-01,2022,6,8,2,0.04685356193311143,5.833333333333333,0.3307,1,0,0,0,0,0,1,1,0,0,1,0,0,0,0
CUST100217,404888.53,223498.95,643.12,51,34.88,2022-05-11,0,27.0,Post-Graduate,1,4.7,5.1,2026-01-01,2022,5,11,2,0.5520011890680133,8.5,0.3488,0,0,1,0,0,1,0,1,0,0,1,0,0,0,0
CUST100218,773989.59,391644.25,797.1,45,10.63,2025-08-06,0,33.0,Post-Graduate,1,6.0,6.2,2026-01-01,2025,8,6,2,0.5060071285971689,7.5,0.1063,0,1,0,1,0,0,0,1,0,0,0,1,0,0,0
CUST100219,1931455.31,1314288.27,811.44,41,88.17,2020-01-30,0,31.0,Post-Graduate,3,6.0,6.2,2026-01-01,2020,1,30,3,0.6804652756889311,6.833333333333333,0.8817,0,1,0,1,0,0,0,1,0,0,0,0,0,0,1
CUST100220,590046.07,370539.42,799.03,34,40.15,2019-09-05,0,37.0,Post-Graduate,2,4.9,4.4,2026-01-01,2019,9,5,3,0.6279838792926796,5.666666666666667,0.40149999999999997,0,1,0,0,0,0,1,1,0,0,0,0,0,1,0
CUST100221,713003.97,271836.68,667.46,56,23.29,2021-07-02,0,61.0,Secondary,1,5.2,4.8,2026-01-01,2021,7,2,4,0.38125549286913507,9.333333333333334,0.2329,1,0,0,0,1,0,0,1,0,0,0,0,0,1,0
CUST100222,1094862.85,324193.13,564.16,42,70.72,2022-11-20,0,18.0,Graduate,2,4.7,5.1,2026-01-01,2022,11,20,6,0.29610387273620614,7.0,0.7071999999999999,1,0,0,0,0,1,0,0,1,0,0,1,0,0,0
CUST100223,860419.02,525616.08,527.7,41,14.78,2023-12-24,1,44.0,Primary,2,6.0,6.2,2026-01-01,2023,12,24,6,0.610883845873142,6.833333333333333,0.1478,0,1,0,1,0,0,0,1,0,0,0,0,0,0,1
CUST100224,863536.42,1556839.78,640.09,48,19.4,2019-12-22,1,18.0,Secondary,4,4.9,4.4,2026-01-01,2019,12,22,6,1.8028652225229829,8.0,0.19399999999999998,1,0,0,0,0,0,1,1,0,0,0,0,0,0,1
CUST100225,616844.22,144380.27,667.13,50,11.61,2019-08-29,0,31.0,Secondary,1,6.0,6.2,2026-01-01,2019,8,29,3,0.23406277520116828,8.333333333333334,0.1161,0,1,0,1,0,0,0,0,1,0,1,0,0,0,0
CUST100226,623480.83,389538.79,764.54,40,83.08,2024-03-25,0,48.0,Graduate,0,5.2,4.8,2026-01-01,2024,3,25,0,0.6247807009559541,6.666666666666667,0.8308,1,0,0,0,1,0,0,1,0,0,0,0,1,0,0
CUST100227,429078.84,124443.69,736.41,40,41.05,2025-03-26,0,37.0,Secondary,1,4.7,5.1,2026-01-01,2025,3,26,2,0.2900252317266449,6.666666666666667,0.4105,0,1,0,0,0,1,0,0,1,0,0,0,1,0,0
CUST100228,849355.35,52146.26,694.78,53,48.03,2020-09-12,0,36.0,Secondary,0,4.7,5.1,2026-01-01,2020,9,12,5,0.06139510394559827,8.833333333333334,0.4803,0,1,0,0,0,1,0,1,0,0,0,0,0,0,1
CUST100229,838762.26,54552.82,622.16,39,40.44,2023-04-12,0,28.0,Secondary,1,4.9,4.4,2026-01-01,2023,4,12,2,0.0650396692860263,6.5,0.4044,1,0,0,0,0,0,1,0,1,0,1,0,0,0,0
CUST100230,964310.03,648025.16,679.985,45,46.1,2021-05-04,0,43.0,Secondary,0,4.7,5.1,2026-01-01,2021,5,4,1,0.6720091462701057,7.5,0.461,0,1,0,0,0,1,0,1,0,0,0,0,0,0,1
CUST100231,496962.67,241022.41,696.52,43,36.34,2025-05-03,0,28.0,Post-Graduate,0,5.2,4.8,2026-01-01,2025,5,3,5,0.48499097527788154,7.166666666666667,0.36340000000000006,0,1,0,0,1,0,0,0,1,0,0,1,0,0,0
CUST100232,1026126.47,720198.39,725.31,47,39.86,2025-03-17,0,38.0,Graduate,1,4.9,4.4,2026-01-01,2025,3,17,0,0.7018612335378114,7.833333333333333,0.3986,0,1,0,0,0,0,1,0,1,0,0,1,0,0,0
CUST100233,1212338.59,243642.97,705.47,45,36.86,2022-01-10,0,37.0,Post-Graduate,3,5.2,4.8,2026-01-01,2022,1,10,0,0.20096940904933167,7.5,0.3686,1,0,0,0,1,0,0,1,0,0,0,0,0,0,1
CUST100234,333384.14,91569.29,612.75,48,26.13,2022-09-12,0,29.0,Graduate,0,4.9,4.4,2026-01-01,2022,9,12,0,0.2746660054074558,8.0,0.2613,1,0,0,0,0,0,1,1,0,0,0,0,0,1,0
CUST100235,552079.71,203077.1,722.29,43,34.23,2021-11-26,0,60.0,Secondary,1,6.0,6.2,2026-01-01,2021,11,26,4,0.36784018017977876,7.166666666666667,0.3423,0,1,0,1,0,0,0,1,0,0,0,0,0,0,1
CUST100236,1240457.24,952543.88,707.68,41,39.91,2020-01-17,0,43.0,Graduate,2,4.9,4.4,2026-01-01,2020,1,17,4,0.7678973924163641,6.833333333333333,0.39909999999999995,1,0,0,0,0,0,1,1,0,0,0,0,1,0,0
CUST100237,454735.86,20000.0,610.41,21,36.91,2024-04-19,0,18.0,Secondary,0,4.7,5.1,2026-01-01,2024,4,19,4,0.043981576469469555,3.5,0.3691,1,0,0,0,0,1,0,1,0,0,0,0,0,0,1
CUST100238,869389.94,268685.32,629.02,30,17.22,2024-09-17,0,38.0,Secondary,3,5.2,4.8,2026-01-01,2024,9,17,1,0.30905041298269453,5.0,0.1722,0,1,0,0,1,0,0,1,0,0,0,1,0,0,0
CUST100239,653073.16,35717.48,724.75,42,18.35,2022-02-06,0,29.0,Secondary,4,4.9,4.4,2026-01-01,2022,2,6,6,0.05469139169645251,7.0,0.18350000000000002,0,1,0,0,0,0,1,1,0,0,1,0,0,0,0
CUST100240,779736.46,599382.73,664.76,32,58.86,2025-10-12,0,45.0,Secondary,2,4.9,4.4,2026-01-01,2025,10,12,6,0.7686991191870135,5.333333333333333,0.5886,0,1,0,0,0,0,1,1,0,0,0,0,1,0,0
CUST100241,664113.67,344635.59,783.29,38,30.2,2024-09-10,0,27.0,Secondary,0,4.9,4.4,2026-01-01,2024,9,10,1,0.5189406656845356,6.333333333333333,0.302,0,1,0,0,0,0,1,1,0,0,0,0,1,0,0
CUST100242,979817.57,426480.58,712.57,45,46.34,2021-08-02,0,35.0,Graduate,1,5.2,4.8,2026-01-01,2021,8,2,0,0.43526529127253766,7.5,0.46340000000000003,1,0,0,0,1,0,0,1,0,0,0,0,1,0,0
CUST100243,370605.42,1059570.37,648.37,39,20.72,2023-10-11,0,42.0,Graduate,2,4.9,4.4,2026-01-01,2023,10,11,2,2.859025564170109,6.5,0.2072,0,1,0,0,0,0,1,1,0,0,0,0,0,0,1
CUST100244,393328.28,381711.43,679.34,37,17.26,2019-04-16,0,46.0,Primary,0,4.9,4.4,2026-01-01,2019,4,16,1,0.9704652561468501,6.166666666666667,0.1726,1,0,0,0,0,0,1,1,0,0,1,0,0,0,0
CUST100245,1454554.31,1183841.42,684.12,36,23.35,2025-12-04,0,23.0,Secondary,4,6.0,6.2,2026-01-01,2025,12,4,3,0.8138860212101671,6.0,0.2335,1,0,0,1,0,0,0,1,0,0,0,1,0,0,0
CUST100246,2063527.48,1306078.38,632.65,48,31.45,2019-07-25,0,32.0,Post-Graduate,1,4.9,4.4,2026-01-01,2019,7,25,3,0.6329348131579037,8.0,0.3145,0,1,0,0,0,0,1,1,0,0,0,0,0,0,1
CUST100247,648065.44,316987.06,620.68,35,25.43,2021-04-14,0,31.0,Secondary,0,4.9,4.4,2026-01-01,2021,4,14,2,0.48912816582226637,5.833333333333333,0.25429999999999997,1,0,0,0,0,0,1,1,0,0,0,1,0,0,0
CUST100248,1669648.97,317154.65,725.59,49,65.13,2019-03-30,0,29.0,Secondary,1,6.0,6.2,2026-01-01,2019,3,30,5,0.18995289171471774,8.166666666666666,0.6513,0,1,0,1,0,0,0,1,0,0,0,1,0,0,0
CUST100249,671944.56,324023.38,734.94,39,38.15,2021-12-08,0,55.0,Post-Graduate,1,5.2,4.8,2026-01-01,2021,12,8,2,0.482217431747643,6.5,0.3815,0,0,1,0,1,0,0,1,0,0,0,0,0,1,0
CUST100250,485218.9,195584.88,719.25,33,85.02,2021-06-14,0,40.0,Secondary,2,4.7,5.1,2026-01-01,2021,6,14,0,0.4030858649570328,5.5,0.8502,1,0,0,0,0,1,0,0,1,0,0,0,0,0,1
CUST100251,1448944.29,385253.58,778.5,30,42.5,2023-05-16,0,22.0,Secondary,1,5.2,4.8,2026-01-01,2023,5,16,1,0.26588570910479936,5.0,0.425,1,0,0,0,1,0,0,1,0,0,0,1,0,0,0
CUST100252,1011541.77,316781.71,644.78,40,10.99,2022-04-09,0,46.0,Graduate,2,4.7,5.1,2026-01-01,2022,4,9,5,0.31316720613524446,6.666666666666667,0.1099,1,0,0,0,0,1,0,1,0,0,0,1,0,0,0
CUST100253,1572634.11,1291999.93,788.83,27,58.1,2019-05-23,0,59.0,Secondary,4,4.7,5.1,2026-01-01,2019,5,23,3,0.8215515114319883,4.5,0.581,0,1,0,0,0,1,0,1,0,0,0,0,0,0,1
CUST100254,841072.65,272475.01,621.44,47,16.96,2019-07-26,0,47.0,Graduate,3,5.2,4.8,2026-01-01,2019,7,26,4,0.3239613248629592,7.833333333333333,0.1696,1,0,0,0,1,0,0,0,1,0,1,0,0,0,0
CUST100255,372438.54,170356.01,614.18,46,39.1,2024-08-14,0,19.0,Post-Graduate,2,4.7,5.1,2026-01-01,2024,8,14,2,0.45740703956148043,7.666666666666667,0.391,0,0,1,0,0,1,0,0,0,1,0,0,0,1,0
CUST100256,735051.02,611246.12,565.6,40,24.13,2019-07-30,0,31.0,Secondary,1,5.2,4.8,2026-01-01,2019,7,30,1,0.8315696507706363,6.666666666666667,0.2413,1,0,0,0,1,0,0,1,0,0,1,0,0,0,0
CUST100257,671944.56,563545.38,651.02,57,97.89,2019-01-29,0,50.0,Graduate,3,4.9,4.4,2026-01-01,2019,1,29,1,0.8386783873955315,9.5,0.9789,1,0,0,0,0,0,1,1,0,0,0,0,0,0,1
CUST100258,604237.9,270672.58,647.26,42,69.85,2022-04-28,0,28.0,Graduate,0,4.9,4.4,2026-01-01,2022,4,28,3,0.447956971914539,7.0,0.6984999999999999,1,0,0,0,0,0,1,0,1,0,0,0,0,1,0
CUST100259,555258.59,476921.94,714.19,45,24.51,2019-07-07,0,41.0,Secondary,0,5.2,4.8,2026-01-01,2019,7,7,6,0.8589186166395013,7.5,0.2451,0,1,0,0,1,0,0,1,0,0,1,0,0,0,0
CUST100260,848179.03,726654.97,695.85,45,32.92,2024-02-04,1,45.0,Graduate,2,4.9,4.4,2026-01-01,2024,2,4,6,0.8567235740312985,7.5,0.3292,0,1,0,0,0,0,1,1,0,0,0,0,1,0,0
CUST100261,477824.69,335618.56,602.46,47,39.36,2022-03-19,0,26.0,Secondary,2,6.0,6.2,2026-01-01,2022,3,19,5,0.7023884847808932,7.833333333333333,0.3936,1,0,0,1,0,0,0,1,0,0,1,0,0,0,0
CUST100262,764710.73,420354.46,654.47,41,52.97,2024-07-25,1,35.0,Graduate,2,4.7,5.1,2026-01-01,2024,7,25,3,0.5496908092292625,6.833333333333333,0.5297,0,1,0,0,0,1,0,1,0,0,0,0,1,0,0
CUST100263,673102.87,249274.04,655.85,41,35.49,2022-10-21,1,18.0,Secondary,4,5.2,4.8,2026-01-01,2022,10,21,4,0.37033572594928915,6.833333333333333,0.3549,1,0,0,0,1,0,0,0,0,1,1,0,0,0,0
CUST100264,496331.68,363495.93,564.56,42,21.4,2019-06-06,0,25.0,Graduate,3,6.0,6.2,2026-01-01,2019,6,6,3,0.7323649580457972,7.0,0.214,1,0,0,1,0,0,0,0,0,1,0,0,0,1,0
CUST100265,1114741.52,380526.32,616.24,38,24.8,2024-10-28,0,33.0,Secondary,3,4.9,4.4,2026-01-01,2024,10,28,0,0.3413583446680985,6.333333333333333,0.248,0,1,0,0,0,0,1,0,1,0,1,0,0,0,0
CUST100266,927289.42,615437.43,629.9,39,34.92,2024-03-06,0,22.0,Post-Graduate,0,6.0,6.2,2026-01-01,2024,3,6,2,0.6636950845400565,6.5,0.3492,0,1,0,1,0,0,0,1,0,0,0,0,0,1,0
CUST100267,535099.94,411506.92,773.19,31,63.3,2022-07-20,0,54.0,Primary,1,5.2,4.8,2026-01-01,2022,7,20,2,0.7690281557497466,5.166666666666667,0.633,1,0,0,0,1,0,0,0,1,0,0,0,1,0,0
CUST100268,644673.29,350305.73,692.44,38,42.98,2023-10-08,0,20.0,Graduate,3,5.2,4.8,2026-01-01,2023,10,8,6,0.5433848981086218,6.333333333333333,0.42979999999999996,0,1,0,0,1,0,0,1,0,0,0,0,0,1,0
CUST100269,559907.05,457836.23,723.04,43,24.15,2023-12-19,1,31.0,Graduate,1,4.7,5.1,2026-01-01,2023,12,19,1,0.8177004200965141,7.166666666666667,0.2415,1,0,0,0,0,1,0,1,0,0,1,0,0,0,0
CUST100270,457472.22,291920.19,582.59,35,47.78,2019-08-20,0,37.0,Graduate,1,4.7,5.1,2026-01-01,2019,8,20,1,0.6381156652528541,5.833333333333333,0.4778,0,1,0,0,0,1,0,0,1,0,0,1,0,0,0
CUST100271,255423.78,133764.6,757.62,42,29.07,2019-06-09,0,52.0,Graduate,1,5.2,4.8,2026-01-01,2019,6,9,6,0.5236967364589155,7.0,0.2907,1,0,0,0,1,0,0,1,0,0,0,0,1,0,0
CUST100272,498133.0,245058.61,764.57,45,53.66,2019-12-10,0,20.0,Graduate,0,4.7,5.1,2026-01-01,2019,12,10,1,0.49195417689653165,7.5,0.5366,0,1,0,0,0,1,0,1,0,0,0,1,0,0,0
CUST100273,461165.62,94636.17,550.11,42,117.72,2019-07-24,0,49.0,Graduate,0,4.9,4.4,2026-01-01,2019,7,24,2,0.2052108090798269,7.0,1.1772,1,0,0,0,0,0,1,1,0,0,1,0,0,0,0
CUST100274,692398.91,291710.02,634.15,42,29.46,2019-11-01,1,36.0,Post-Graduate,4,4.9,4.4,2026-01-01,2019,11,1,4,0.42130340730894567,7.0,0.29460000000000003,0,1,0,0,0,0,1,0,1,0,0,0,1,0,0
CUST100275,671944.56,250556.09,712.22,46,51.42,2022-10-15,0,25.0,Secondary,1,4.7,5.1,2026-01-01,2022,10,15,5,0.372882087176954,7.666666666666667,0.5142,1,0,0,0,0,1,0,1,0,0,1,0,0,0,0
CUST100276,671944.56,123255.63,721.89,43,24.47,2020-02-04,0,41.0,Graduate,2,4.9,4.4,2026-01-01,2020,2,4,1,0.1834312491494834,7.166666666666667,0.2447,0,1,0,0,0,0,1,1,0,0,0,0,0,1,0
CUST100277,798229.31,535502.0,635.9,46,33.16,2024-11-23,0,38.0,Post-Graduate,0,4.7,5.1,2026-01-01,2024,11,23,5,0.6708623615938132,7.666666666666667,0.33159999999999995,1,0,0,0,0,1,0,1,0,0,0,0,0,1,0
CUST100278,384151.57,247453.57,660.14,44,35.5,2025-07-17,1,29.0,Post-Graduate,1,4.7,5.1,2026-01-01,2025,7,17,3,0.6441560814133859,7.333333333333333,0.355,1,0,0,0,0,1,0,0,1,0,0,0,1,0,0
CUST100279,606716.41,211537.66,641.17,42,31.89,2021-09-12,0,37.0,Post-Graduate,2,5.2,4.8,2026-01-01,2021,9,12,6,0.34865986235645086,7.0,0.3189,0,1,0,0,1,0,0,0,1,0,0,0,0,0,1
CUST100280,466679.09,268320.28,687.18,46,114.16,2023-12-11,0,32.0,Graduate,1,6.0,6.2,2026-01-01,2023,12,11,0,0.5749567224021115,7.666666666666667,1.1416,0,1,0,1,0,0,0,1,0,0,0,0,0,1,0
CUST100281,979819.0,502704.29,757.82,46,30.21,2021-08-09,0,37.0,Secondary,2,4.9,4.4,2026-01-01,2021,8,9,0,0.513058319955012,7.666666666666667,0.30210000000000004,0,1,0,0,0,0,1,1,0,0,0,0,0,1,0
CUST100282,693116.13,556790.65,629.88,38,46.39,2022-12-15,0,43.0,Graduate,3,6.0,6.2,2026-01-01,2022,12,15,3,0.8033150952640505,6.333333333333333,0.4639,1,0,0,1,0,0,0,1,0,0,0,0,0,1,0
CUST100283,611784.44,241138.54,679.985,52,13.86,2024-09-27,0,53.0,Graduate,2,4.7,5.1,2026-01-01,2024,9,27,4,0.39415605274302173,8.666666666666666,0.1386,1,0,0,0,0,1,0,0,0,1,1,0,0,0,0
CUST100284,460855.71,271005.09,679.985,29,43.06,2019-07-25,1,22.0,Graduate,1,6.0,6.2,2026-01-01,2019,7,25,3,0.5880475908609226,4.833333333333333,0.43060000000000004,1,0,0,1,0,0,0,1,0,0,0,1,0,0,0
CUST100285,542457.45,414837.55,624.9,33,60.55,2022-05-26,0,59.0,Graduate,0,5.2,4.8,2026-01-01,2022,5,26,3,0.7647374923139133,5.5,0.6054999999999999,0,1,0,0,1,0,0,0,0,1,1,0,0,0,0
CUST100286,1777486.93,690661.95,733.21,45,27.17,2024-01-16,0,18.0,Post-Graduate,3,4.9,4.4,2026-01-01,2024,1,16,1,0.388560916169437,7.5,0.2717,0,1,0,0,0,0,1,1,0,0,0,0,0,1,0
CUST100287,671944.56,394222.92,739.93,48,10.49,2022-12-30,0,34.0,Graduate,1,6.0,6.2,2026-01-01,2022,12,30,4,0.5866896518962814,8.0,0.10490000000000001,1,0,0,1,0,0,0,0,1,0,0,0,0,1,0
CUST100288,846107.29,771193.67,735.34,40,34.36,2022-09-07,0,42.0,Post-Graduate,3,4.7,5.1,2026-01-01,2022,9,7,2,0.911460850313676,6.666666666666667,0.3436,1,0,0,0,0,1,0,0,1,0,0,1,0,0,0
CUST100289,610951.08,489915.22,594.47,47,35.29,2019-08-19,1,39.0,Graduate,3,6.0,6.2,2026-01-01,2019,8,19,0,0.8018894409680069,7.833333333333333,0.3529,0,0,1,1,0,0,0,0,1,0,0,0,1,0,0
CUST100290,832910.58,273882.23,649.71,51,49.55,2023-02-19,0,29.0,Secondary,1,6.0,6.2,2026-01-01,2023,2,19,6,0.32882549048662585,8.5,0.4955,0,1,0,1,0,0,0,0,0,1,1,0,0,0,0
CUST100291,1029994.86,416559.99,733.49,34,91.89,2021-06-01,0,34.0,Graduate,1,5.2,4.8,2026-01-01,2021,6,1,1,0.4044291929767494,5.666666666666667,0.9189,1,0,0,0,1,0,0,1,0,0,0,0,0,1,0
CUST100292,535009.33,383149.37,682.7,50,29.16,2025-05-20,0,31.0,Graduate,0,6.0,6.2,2026-01-01,2025,5,20,1,0.7161545575289313,8.333333333333334,0.2916,0,1,0,1,0,0,0,1,0,0,0,0,0,0,1
CUST100293,960397.97,375987.98,610.21,38,23.2,2023-02-18,0,30.0,Secondary,0,4.7,5.1,2026-01-01,2023,2,18,5,0.3914918520704495,6.333333333333333,0.23199999999999998,0,1,0,0,0,1,0,1,0,0,0,1,0,0,0
CUST100294,2960531.45,1603614.5,709.79,39,19.99,2025-05-12,0,36.0,Secondary,1,6.0,6.2,2026-01-01,2025,5,12,0,0.5416644028557778,6.5,0.1999,1,0,0,1,0,0,0,0,1,0,1,0,0,0,0
CUST100295,888131.09,163955.98,633.54,37,38.49,2020-03-08,0,36.0,Post-Graduate,1,4.9,4.4,2026-01-01,2020,3,8,6,0.18460786008515928,6.166666666666667,0.3849,1,0,0,0,0,0,1,1,0,0,0,0,1,0,0
CUST100296,1578834.46,294076.23,679.985,52,44.05,2022-04-23,0,28.0,Secondary,1,4.9,4.4,2026-01-01,2022,4,23,5,0.18626159831854697,8.666666666666666,0.44049999999999995,0,0,1,0,0,0,1,1,0,0,0,0,0,1,0
CUST100297,846870.39,317244.61,780.41,35,26.94,2025-03-13,0,46.0,Graduate,3,6.0,6.2,2026-01-01,2025,3,13,3,0.37460822074556177,5.833333333333333,0.26940000000000003,0,1,0,1,0,0,0,1,0,0,1,0,0,0,0
CUST100298,389316.82,231208.78,719.27,35,50.86,2024-11-14,0,39.0,Graduate,0,6.0,6.2,2026-01-01,2024,11,14,3,0.5938833570047141,5.833333333333333,0.5085999999999999,0,1,0,1,0,0,0,1,0,0,1,0,0,0,0
CUST100299,756425.51,149547.33,679.985,43,43.76,2022-02-16,0,45.0,Graduate,2,5.2,4.8,2026-01-01,2022,2,16,2,0.19770265283623234,7.166666666666667,0.4376,1,0,0,0,1,0,0,1,0,0,0,1,0,0,0
CUST100300,541997.44,277927.59,684.21,42,35.73,2025-08-09,0,43.0,Graduate,1,4.9,4.4,2026-01-01,2025,8,9,5,0.5127839533707024,7.0,0.35729999999999995,1,0,0,0,0,0,1,1,0,0,0,0,1,0,0
CUST100301,468344.89,198235.22,729.75,35,22.7,2023-12-23,0,27.0,Secondary,2,4.7,5.1,2026-01-01,2023,12,23,5,0.42326760520436124,5.833333333333333,0.22699999999999998,0,1,0,0,0,1,0,0,1,0,0,1,0,0,0
CUST100302,624561.93,390871.79,776.05,45,27.77,2021-10-04,0,30.0,Graduate,1,4.7,5.1,2026-01-01,2021,10,4,0,0.6258335182229245,7.5,0.2777,0,1,0,0,0,1,0,1,0,0,1,0,0,0,0
CUST100303,596965.8,336333.86,695.96,45,10.9,2020-09-09,0,44.0,Graduate,1,4.7,5.1,2026-01-01,2020,9,9,2,0.5634055753277658,7.5,0.109,0,1,0,0,0,1,0,1,0,0,0,1,0,0,0
CUST100304,362858.76,160232.89,663.41,39,39.19,2020-02-01,0,43.0,Graduate,1,5.2,4.8,2026-01-01,2020,2,1,5,0.4415847367168427,6.5,0.39189999999999997,1,0,0,0,1,0,0,1,0,0,1,0,0,0,0
CUST100305,2883113.99,1184573.71,569.2,40,35.45,2025-11-10,0,36.0,Secondary,2,6.0,6.2,2026-01-01,2025,11,10,0,0.4108660684623156,6.666666666666667,0.35450000000000004,0,1,0,1,0,0,0,1,0,0,0,0,0,1,0
CUST100306,1013638.25,231567.64,674.6,45,38.31,2019-11-14,0,37.0,Graduate,2,5.2,4.8,2026-01-01,2019,11,14,3,0.22845195512304317,7.5,0.3831,0,1,0,0,1,0,0,0,1,0,0,0,0,1,0
CUST100307,743513.56,257672.71,733.52,39,44.59,2025-08-26,0,50.0,Secondary,2,4.9,4.4,2026-01-01,2025,8,26,1,0.34656087509688455,6.5,0.4459,0,1,0,0,0,0,1,0,1,0,0,1,0,0,0
CUST100308,682939.6,375734.61,741.47,33,42.12,2024-12-29,0,29.0,Secondary,2,4.7,5.1,2026-01-01,2024,12,29,6,0.5501725335593367,5.5,0.42119999999999996,0,1,0,0,0,1,0,1,0,0,0,0,0,1,0
CUST100309,1259240.58,519710.39,712.78,47,33.19,2020-04-01,0,42.0,Secondary,1,5.2,4.8,2026-01-01,2020,4,1,2,0.41271731411324114,7.833333333333333,0.3319,0,1,0,0,1,0,0,0,1,0,0,0,1,0,0
CUST100310,671944.56,770882.49,644.82,43,35.83,2020-05-15,1,34.0,Secondary,1,6.0,6.2,2026-01-01,2020,5,15,4,1.1472412098998166,7.166666666666667,0.3583,1,0,0,1,0,0,0,0,1,0,0,0,0,1,0
CUST100311,947445.41,550343.65,551.51,33,17.84,2019-11-19,1,34.0,Post-Graduate,2,5.2,4.8,2026-01-01,2019,11,19,1,0.5808710920875114,5.5,0.1784,0,1,0,0,1,0,0,0,1,0,1,0,0,0,0
CUST100312,694803.0,168099.89,647.81,46,26.45,2021-09-26,0,48.0,Secondary,2,4.7,5.1,2026-01-01,2021,9,26,6,0.24193892369491787,7.666666666666667,0.2645,1,0,0,0,0,1,0,1,0,0,0,0,0,1,0
CUST100313,1461073.33,1147463.7,660.22,33,35.86,2025-05-04,1,45.0,Post-Graduate,3,6.0,6.2,2026-01-01,2025,5,4,6,0.7853566802153591,5.5,0.3586,0,1,0,1,0,0,0,0,0,1,1,0,0,0,0
CUST100314,702938.88,20000.0,659.66,45,24.59,2025-12-09,0,45.0,Post-Graduate,1,5.2,4.8,2026-01-01,2025,12,9,1,0.028451975796245612,7.5,0.2459,1,0,0,0,1,0,0,1,0,0,0,0,1,0,0
CUST100315,825835.42,626064.62,720.21,39,52.89,2021-05-27,1,50.0,Graduate,2,4.9,4.4,2026-01-01,2021,5,27,3,0.7580985325138997,6.5,0.5289,1,0,0,0,0,0,1,1,0,0,0,0,0,0,1
CUST100316,1127241.04,554481.82,809.07,35,25.51,2020-11-09,0,36.0,Secondary,2,5.2,4.8,2026-01-01,2020,11,9,0,0.49189286082061023,5.833333333333333,0.2551,1,0,0,0,1,0,0,1,0,0,0,0,0,0,1
CUST100317,525530.82,262666.69,688.03,40,38.83,2024-08-23,0,36.0,Graduate,2,4.7,5.1,2026-01-01,2024,8,23,4,0.4998121518353577,6.666666666666667,0.3883,1,0,0,0,0,1,0,1,0,0,0,0,0,0,1
CUST100318,671944.56,20000.0,665.91,46,37.01,2021-09-30,0,33.0,Graduate,1,4.9,4.4,2026-01-01,2021,9,30,3,0.029764360321631295,7.666666666666667,0.3701,0,1,0,0,0,0,1,1,0,0,1,0,0,0,0
CUST100319,511669.16,148803.08,663.15,38,50.08,2019-06-04,0,40.0,Graduate,2,4.7,5.1,2026-01-01,2019,6,4,1,0.29081893464128267,6.333333333333333,0.5008,1,0,0,0,0,1,0,1,0,0,0,1,0,0,0
CUST100320,994383.43,302899.65,688.09,49,53.93,2019-04-11,0,35.0,Secondary,3,5.2,4.8,2026-01-01,2019,4,11,3,0.3046105162874647,8.166666666666666,0.5393,1,0,0,0,1,0,0,1,0,0,1,0,0,0,0
CUST100321,956590.46,227237.98,626.16,39,48.84,2021-12-02,0,37.0,Graduate,1,4.7,5.1,2026-01-01,2021,12,2,3,0.23754991242542814,6.5,0.48840000000000006,0,0,1,0,0,1,0,0,1,0,0,0,0,0,1
CUST100322,1360273.31,736469.36,687.81,31,12.74,2022-08-27,0,43.0,Post-Graduate,0,4.7,5.1,2026-01-01,2022,8,27,5,0.5414127841705576,5.166666666666667,0.1274,1,0,0,0,0,1,0,1,0,0,0,0,0,1,0
CUST100323,522547.19,149946.58,709.3,41,62.09,2020-09-12,0,27.0,Graduate,1,4.9,4.4,2026-01-01,2020,9,12,5,0.28695318407510717,6.833333333333333,0.6209,1,0,0,0,0,0,1,1,0,0,0,0,1,0,0
CUST100324,1550730.28,1072293.44,693.63,37,72.85,2023-06-17,0,59.0,Secondary,4,4.7,5.1,2026-01-01,2023,6,17,5,0.6914764313494929,6.166666666666667,0.7284999999999999,1,0,0,0,0,1,0,0,1,0,0,0,0,1,0
CUST100325,719646.18,164854.64,709.74,33,27.77,2021-10-11,0,25.0,Graduate,5,4.9,4.4,2026-01-01,2021,10,11,0,0.22907735020562467,5.5,0.2777,0,1,0,0,0,0,1,0,1,0,0,0,1,0,0
CUST100326,906326.49,527315.21,708.19,37,39.21,2025-11-17,0,23.0,Secondary,3,4.9,4.4,2026-01-01,2025,11,17,0,0.5818159524389495,6.166666666666667,0.3921,0,1,0,0,0,0,1,0,1,0,0,0,1,0,0
CUST100327,1068444.77,514480.18,564.83,52,22.82,2025-07-26,1,49.0,Secondary,2,4.7,5.1,2026-01-01,2025,7,26,5,0.48152248431147265,8.666666666666666,0.22820000000000001,1,0,0,0,0,1,0,1,0,0,0,0,1,0,0
CUST100328,304008.68,20000.0,721.4,40,13.74,2025-03-31,1,45.0,Post-Graduate,1,4.9,4.4,2026-01-01,2025,3,31,0,0.06578759527524017,6.666666666666667,0.1374,0,0,1,0,0,0,1,0,1,0,0,0,1,0,0
CUST100329,374008.64,85599.0,636.38,52,24.55,2024-05-05,0,43.0,Secondary,1,4.7,5.1,2026-01-01,2024,5,5,6,0.228869044308709,8.666666666666666,0.2455,0,1,0,0,0,1,0,0,0,1,0,0,0,0,1
CUST100330,367242.57,20000.0,608.77,41,27.01,2020-02-07,0,43.0,Secondary,2,4.9,4.4,2026-01-01,2020,2,7,4,0.05445991732385491,6.833333333333333,0.2701,1,0,0,0,0,0,1,0,1,0,0,0,1,0,0
CUST100331,1172263.55,360742.64,608.21,38,29.52,2025-07-26,0,36.0,Primary,1,5.2,4.8,2026-01-01,2025,7,26,5,0.3077316871278647,6.333333333333333,0.2952,0,1,0,0,1,0,0,1,0,0,1,0,0,0,0
CUST100332,549479.37,350409.04,708.18,37,22.09,2022-03-17,0,26.0,Post-Graduate,0,6.0,6.2,2026-01-01,2022,3,17,3,0.6377110026896915,6.166666666666667,0.22089999999999999,1,0,0,1,0,0,0,1,0,0,0,1,0,0,0
CUST100333,1982556.49,1217797.39,665.53,58,24.61,2024-09-06,0,37.0,Graduate,1,4.7,5.1,2026-01-01,2024,9,6,4,0.614256086090137,9.666666666666666,0.24609999999999999,0,1,0,0,0,1,0,1,0,0,0,1,0,0,0
CUST100334,651208.03,496556.5,570.67,36,34.82,2019-09-16,1,29.0,Graduate,1,4.7,5.1,2026-01-01,2019,9,16,0,0.7625159351920153,6.0,0.3482,1,0,0,0,0,1,0,1,0,0,0,0,1,0,0
CUST100335,289373.07,139621.75,711.07,38,24.18,2020-09-11,0,47.0,Graduate,0,6.0,6.2,2026-01-01,2020,9,11,4,0.48249738650524737,6.333333333333333,0.2418,1,0,0,1,0,0,0,1,0,0,0,1,0,0,0
CUST100336,449053.81,438101.86,679.985,51,45.43,2023-01-05,0,34.0,Secondary,3,6.0,6.2,2026-01-01,2023,1,5,3,0.9756110520474149,8.5,0.4543,0,1,0,1,0,0,0,1,0,0,0,1,0,0,0
CUST100337,693346.15,439988.09,689.09,29,48.55,2024-05-27,0,36.0,Graduate,1,5.2,4.8,2026-01-01,2024,5,27,0,0.6345864760336521,4.833333333333333,0.4855,1,0,0,0,1,0,0,0,1,0,0,0,1,0,0
CUST100338,862924.14,581648.81,695.5,44,109.72,2024-05-15,0,32.0,Graduate,1,5.2,4.8,2026-01-01,2024,5,15,2,0.6740439663676578,7.333333333333333,1.0972,1,0,0,0,1,0,0,0,1,0,0,0,1,0,0
CUST100339,378157.82,239861.06,737.56,41,60.08,2023-07-11,0,41.0,Secondary,0,6.0,6.2,2026-01-01,2023,7,11,1,0.6342882450507039,6.833333333333333,0.6008,1,0,0,1,0,0,0,1,0,0,1,0,0,0,0
CUST100340,888590.76,255499.79,795.81,50,39.33,2021-05-25,0,30.0,Graduate,0,6.0,6.2,2026-01-01,2021,5,25,1,0.2875337011156857,8.333333333333334,0.3933,0,1,0,1,0,0,0,0,0,1,0,1,0,0,0
CUST100341,1029183.33,306499.35,591.3,49,25.99,2023-03-31,0,27.0,Post-Graduate,2,4.9,4.4,2026-01-01,2023,3,31,4,0.297808311761132,8.166666666666666,0.25989999999999996,0,1,0,0,0,0,1,1,0,0,0,1,0,0,0
CUST100342,671944.56,204928.45,676.59,45,40.3,2022-05-19,0,39.0,Primary,2,4.9,4.4,2026-01-01,2022,5,19,3,0.30497821129767017,7.5,0.40299999999999997,0,1,0,0,0,0,1,1,0,0,0,0,1,0,0
CUST100343,1919862.46,858642.85,662.04,33,40.94,2020-06-26,0,39.0,Secondary,1,4.9,4.4,2026-01-01,2020,6,26,4,0.4472418560650433,5.5,0.4094,0,0,1,0,0,0,1,0,1,0,0,0,0,1,0
CUST100344,484932.59,183570.89,708.19,36,27.36,2020-03-28,0,30.0,Secondary,1,6.0,6.2,2026-01-01,2020,3,28,5,0.3785492948617869,6.0,0.2736,1,0,0,1,0,0,0,1,0,0,0,1,0,0,0
CUST100345,375042.53,215331.59,694.02,39,50.99,2020-02-08,0,36.0,Secondary,1,4.7,5.1,2026-01-01,2020,2,8,5,0.5741524567893673,6.5,0.5099,1,0,0,0,0,1,0,0,0,1,0,0,0,1,0
CUST100346,280311.08,20000.0,657.08,36,17.89,2021-10-15,0,39.0,Post-Graduate,1,5.2,4.8,2026-01-01,2021,10,15,4,0.07134930235365651,6.0,0.1789,1,0,0,0,1,0,0,1,0,0,0,0,0,1,0
CUST100347,1271973.29,834794.5,651.34,41,31.13,2022-11-29,0,20.0,Graduate,2,4.9,4.4,2026-01-01,2022,11,29,1,0.6562987655188891,6.833333333333333,0.31129999999999997,1,0,0,0,0,0,1,0,1,0,0,0,0,1,0
CUST100348,658232.32,544716.13,607.43,28,45.7,2021-06-01,1,21.0,Graduate,2,6.0,6.2,2026-01-01,2021,6,1,1,0.8275438829864812,4.666666666666667,0.457,1,0,0,1,0,0,0,1,0,0,0,0,0,1,0
CUST100349,499378.87,254625.38,744.21,48,30.49,2024-01-26,0,28.0,Graduate,1,5.2,4.8,2026-01-01,2024,1,26,4,0.5098841687074185,8.0,0.3049,0,1,0,0,1,0,0,0,1,0,0,0,0,1,0
CUST100350,671944.56,211939.33,709.85,50,31.69,2020-07-28,0,34.0,Secondary,2,4.7,5.1,2026-01-01,2020,7,28,1,0.315411929222256,8.333333333333334,0.3169,1,0,0,0,0,1,0,0,1,0,1,0,0,0,0
CUST100351,524730.27,73867.17,739.65,60,32.76,2022-12-29,0,39.0,Graduate,1,4.9,4.4,2026-01-01,2022,12,29,3,0.1407716959038784,10.0,0.3276,0,1,0,0,0,0,1,1,0,0,0,0,0,1,0
CUST100352,2408519.03,1126019.67,659.82,41,23.44,2023-02-08,0,52.0,Graduate,0,6.0,6.2,2026-01-01,2023,2,8,2,0.4675153718839415,6.833333333333333,0.23440000000000003,1,0,0,1,0,0,0,1,0,0,0,1,0,0,0
CUST100353,199837.44,227384.34,637.31,39,61.49,2023-01-31,0,45.0,Graduate,3,4.7,5.1,2026-01-01,2023,1,31,1,1.1378465416690686,6.5,0.6149,1,0,0,0,0,1,0,0,1,0,0,0,0,0,1
CUST100354,459234.16,148596.38,609.91,44,21.47,2025-10-06,1,34.0,Post-Graduate,3,4.7,5.1,2026-01-01,2025,10,6,0,0.3235743177293257,7.333333333333333,0.2147,1,0,0,0,0,1,0,1,0,0,1,0,0,0,0
CUST100355,1742373.51,320774.74,703.33,43,40.77,2022-03-08,0,36.0,Graduate,1,5.2,4.8,2026-01-01,2022,3,8,1,0.18410216762306034,7.166666666666667,0.4077,0,1,0,0,1,0,0,1,0,0,0,1,0,0,0
CUST100356,671944.56,372963.88,679.985,40,42.69,2025-11-20,0,25.0,Graduate,4,4.7,5.1,2026-01-01,2025,11,20,3,0.5550515655636827,6.666666666666667,0.4269,1,0,0,0,0,1,0,0,1,0,0,0,0,0,1
CUST100357,474911.39,193406.93,800.16,55,22.2,2019-04-21,0,36.0,Post-Graduate,0,4.7,5.1,2026-01-01,2019,4,21,6,0.4072484553381632,9.166666666666666,0.222,0,1,0,0,0,1,0,1,0,0,0,1,0,0,0
CUST100358,727016.86,335045.76,595.0,38,36.25,2025-01-09,0,33.0,Secondary,0,5.2,4.8,2026-01-01,2025,1,9,3,0.4608500551142652,6.333333333333333,0.3625,0,1,0,0,1,0,0,0,1,0,0,0,0,1,0
CUST100359,838477.66,174942.24,697.79,48,22.62,2020-11-12,0,40.0,Primary,3,4.9,4.4,2026-01-01,2020,11,12,3,0.20864269657464693,8.0,0.2262,0,1,0,0,0,0,1,1,0,0,0,0,0,0,1
CUST100360,699652.36,339202.98,781.85,31,68.24,2021-02-07,0,27.0,Secondary,3,4.7,5.1,2026-01-01,2021,2,7,6,0.48481645941993246,5.166666666666667,0.6823999999999999,1,0,0,0,0,1,0,1,0,0,0,0,0,0,1
CUST100361,1734405.49,551492.35,718.94,42,20.26,2019-10-06,0,42.0,Secondary,1,4.9,4.4,2026-01-01,2019,10,6,6,0.3179719812810325,7.0,0.2026,1,0,0,0,0,0,1,0,1,0,0,0,1,0,0
CUST100362,783551.8,528175.66,691.42,57,25.57,2019-12-29,0,36.0,Graduate,2,4.9,4.4,2026-01-01,2019,12,29,6,0.674078803724272,9.5,0.2557,0,1,0,0,0,0,1,1,0,0,1,0,0,0,0
CUST100363,671944.56,462078.97,679.985,47,19.45,2023-07-07,1,35.0,Graduate,4,5.2,4.8,2026-01-01,2023,7,7,4,0.6876742480064129,7.833333333333333,0.1945,0,1,0,0,1,0,0,1,0,0,1,0,0,0,0
CUST100364,718274.41,597313.1,590.19,37,18.24,2022-12-02,0,36.0,Post-Graduate,1,6.0,6.2,2026-01-01,2022,12,2,4,0.8315945712168695,6.166666666666667,0.18239999999999998,0,1,0,1,0,0,0,0,1,0,0,0,0,1,0
CUST100365,212546.02,73974.08,730.05,42,75.12,2022-04-13,0,44.0,Graduate,2,4.7,5.1,2026-01-01,2022,4,13,2,0.3480379449118831,7.0,0.7512000000000001,1,0,0,0,0,1,0,1,0,0,0,0,0,1,0
CUST100366,337358.23,155651.34,777.9,38,45.42,2020-08-23,0,32.0,Graduate,0,4.9,4.4,2026-01-01,2020,8,23,6,0.4613829637415397,6.333333333333333,0.4542,1,0,0,0,0,0,1,1,0,0,0,0,1,0,0
CUST100367,378149.47,188491.15,651.47,42,37.44,2022-03-04,0,38.0,Primary,1,5.2,4.8,2026-01-01,2022,3,4,4,0.49845673458169865,7.0,0.37439999999999996,1,0,0,0,1,0,0,1,0,0,0,0,0,0,1
CUST100368,671944.56,450635.5,605.96,35,25.54,2025-05-30,1,36.0,Primary,4,6.0,6.2,2026-01-01,2025,5,30,4,0.6706438697859239,5.833333333333333,0.2554,1,0,0,1,0,0,0,0,1,0,0,0,0,1,0
CUST100369,2038766.39,744908.46,679.985,38,54.11,2023-02-27,1,37.0,Graduate,4,6.0,6.2,2026-01-01,2023,2,27,0,0.36537215036196474,6.333333333333333,0.5411,0,0,1,1,0,0,0,0,1,0,1,0,0,0,0
CUST100370,793377.12,504876.17,616.25,48,23.56,2024-01-13,1,27.0,Graduate,2,4.7,5.1,2026-01-01,2024,1,13,5,0.6363634106312519,8.0,0.23559999999999998,1,0,0,0,0,1,0,0,1,0,0,0,0,1,0
CUST100371,613259.95,260335.75,672.61,39,51.23,2021-05-20,0,36.0,Post-Graduate,0,5.2,4.8,2026-01-01,2021,5,20,3,0.42451125334370854,6.5,0.5123,0,1,0,0,1,0,0,1,0,0,0,0,1,0,0
CUST100372,1284569.94,601687.94,783.94,55,23.02,2022-12-13,0,41.0,Secondary,1,6.0,6.2,2026-01-01,2022,12,13,1,0.4683964035465441,9.166666666666666,0.2302,1,0,0,1,0,0,0,0,1,0,1,0,0,0,0
CUST100373,292491.71,23676.91,723.75,34,25.69,2022-09-03,0,52.0,Primary,0,4.9,4.4,2026-01-01,2022,9,3,5,0.08094899510143382,5.666666666666667,0.2569,1,0,0,0,0,0,1,1,0,0,1,0,0,0,0
CUST100374,496528.07,437774.09,699.83,42,50.37,2024-10-21,0,47.0,Graduate,0,4.7,5.1,2026-01-01,2024,10,21,0,0.8816703756546936,7.0,0.5036999999999999,1,0,0,0,0,1,0,0,1,0,0,0,0,1,0
CUST100375,457804.21,349717.77,653.99,28,52.98,2025-04-25,1,60.0,Secondary,2,6.0,6.2,2026-01-01,2025,4,25,4,0.7639024769999385,4.666666666666667,0.5297999999999999,0,1,0,1,0,0,0,1,0,0,0,1,0,0,0
CUST100376,809077.91,267293.64,642.09,52,46.62,2022-10-13,0,28.0,Primary,1,4.7,5.1,2026-01-01,2022,10,13,3,0.3303682336352503,8.666666666666666,0.46619999999999995,1,0,0,0,0,1,0,0,1,0,0,0,1,0,0
CUST100377,1063884.73,803642.69,771.37,41,21.15,2022-03-17,0,46.0,Graduate,2,6.0,6.2,2026-01-01,2022,3,17,3,0.7553851158292308,6.833333333333333,0.2115,1,0,0,1,0,0,0,0,1,0,0,0,0,1,0
CUST100378,842429.03,563804.32,693.05,40,28.25,2022-06-02,0,38.0,Secondary,5,5.2,4.8,2026-01-01,2022,6,2,3,0.6692603173943328,6.666666666666667,0.2825,1,0,0,0,1,0,0,1,0,0,0,0,0,1,0
CUST100379,849796.09,748829.01,679.985,43,37.74,2022-02-02,0,60.0,Graduate,5,4.9,4.4,2026-01-01,2022,2,2,2,0.8811866973876051,7.166666666666667,0.3774,1,0,0,0,0,0,1,1,0,0,1,0,0,0,0
CUST100380,532915.22,460847.43,636.22,35,23.28,2025-07-31,1,27.0,Secondary,3,4.7,5.1,2026-01-01,2025,7,31,3,0.864766876052067,5.833333333333333,0.2328,0,1,0,0,0,1,0,0,1,0,0,0,1,0,0
CUST100381,775408.73,523590.83,624.22,44,67.59,2023-04-11,0,27.0,Secondary,2,4.7,5.1,2026-01-01,2023,4,11,1,0.6752449511369314,7.333333333333333,0.6759000000000001,0,1,0,0,0,1,0,1,0,0,0,0,0,1,0
CUST100382,409551.04,144538.98,644.49,32,11.05,2022-07-08,0,29.0,Graduate,3,5.2,4.8,2026-01-01,2022,7,8,4,0.35292055417561635,5.333333333333333,0.1105,0,1,0,0,1,0,0,0,0,1,0,0,1,0,0
CUST100383,941758.41,637547.75,716.59,39,24.08,2020-07-24,0,18.0,Post-Graduate,1,5.2,4.8,2026-01-01,2020,7,24,4,0.6769759029813177,6.5,0.2408,0,1,0,0,1,0,0,1,0,0,0,0,0,0,1
CUST100384,493558.16,205665.67,673.02,37,27.41,2024-05-03,0,30.0,Graduate,1,6.0,6.2,2026-01-01,2024,5,3,4,0.4166999690573448,6.166666666666667,0.2741,1,0,0,1,0,0,0,1,0,0,0,0,0,1,0
CUST100385,350773.99,259640.4,675.0,43,8.94,2024-05-31,0,28.0,Graduate,3,4.7,5.1,2026-01-01,2024,5,31,4,0.7401928518132146,7.166666666666667,0.0894,0,1,0,0,0,1,0,1,0,0,1,0,0,0,0
CUST100386,663662.05,487225.06,765.38,39,17.91,2024-06-03,0,38.0,Secondary,2,4.9,4.4,2026-01-01,2024,6,3,0,0.7341463324594196,6.5,0.1791,0,0,1,0,0,0,1,1,0,0,0,0,0,1,0
CUST100387,226956.52,40182.06,634.73,35,47.25,2020-03-22,0,40.0,Graduate,0,5.2,4.8,2026-01-01,2020,3,22,6,0.1770473921612827,5.833333333333333,0.4725,1,0,0,0,1,0,0,0,0,1,0,0,0,1,0
CUST100388,1462460.99,318804.4,801.17,40,35.51,2021-02-21,0,57.0,Secondary,0,4.7,5.1,2026-01-01,2021,2,21,6,0.21799172913323317,6.666666666666667,0.35509999999999997,1,0,0,0,0,1,0,1,0,0,0,0,0,1,0
CUST100389,1007650.65,458310.65,636.37,47,74.47,2022-07-04,0,46.0,Graduate,1,4.7,5.1,2026-01-01,2022,7,4,0,0.4548308979902906,7.833333333333333,0.7447,0,1,0,0,0,1,0,0,1,0,0,1,0,0,0
CUST100390,782352.79,710055.98,685.8,43,73.48,2021-08-01,0,30.0,Graduate,1,5.2,4.8,2026-01-01,2021,8,1,6,0.9075905257524549,7.166666666666667,0.7348,1,0,0,0,1,0,0,1,0,0,1,0,0,0,0
CUST100391,266119.58,20000.0,661.72,49,43.09,2020-09-28,0,26.0,Post-Graduate,3,5.2,4.8,2026-01-01,2020,9,28,0,0.0751541844459547,8.166666666666666,0.43090000000000006,1,0,0,0,1,0,0,1,0,0,0,1,0,0,0
CUST100392,442246.65,278680.84,688.02,45,40.68,2020-06-14,0,41.0,Graduate,2,4.7,5.1,2026-01-01,2020,6,14,6,0.6301479954681398,7.5,0.4068,1,0,0,0,0,1,0,1,0,0,0,0,1,0,0
CUST100393,664662.57,350547.36,708.9,45,36.13,2019-04-29,0,21.0,Primary,1,4.7,5.1,2026-01-01,2019,4,29,0,0.5274065004141876,7.5,0.3613,1,0,0,0,0,1,0,1,0,0,0,1,0,0,0
CUST100394,562428.91,476401.29,708.2,44,9.79,2019-03-07,0,56.0,Primary,2,4.7,5.1,2026-01-01,2019,3,7,3,0.8470426778026043,7.333333333333333,0.09789999999999999,1,0,0,0,0,1,0,0,0,1,0,0,0,1,0
CUST100395,256790.77,64130.23,631.05,40,17.92,2025-04-11,0,49.0,Post-Graduate,4,6.0,6.2,2026-01-01,2025,4,11,4,0.24973728611818877,6.666666666666667,0.17920000000000003,0,1,0,1,0,0,0,1,0,0,0,0,1,0,0
CUST100396,315114.61,256711.15,607.01,40,36.73,2024-10-05,0,31.0,Graduate,0,6.0,6.2,2026-01-01,2024,10,5,5,0.8146596249536002,6.666666666666667,0.36729999999999996,1,0,0,1,0,0,0,1,0,0,1,0,0,0,0
CUST100397,556279.27,108676.08,842.71,41,47.04,2021-12-03,0,18.0,Graduate,1,5.2,4.8,2026-01-01,2021,12,3,4,0.1953624480739683,6.833333333333333,0.4704,0,1,0,0,1,0,0,1,0,0,1,0,0,0,0
CUST100398,671944.56,144310.17,648.54,47,40.22,2024-03-28,0,51.0,Secondary,0,4.7,5.1,2026-01-01,2024,3,28,3,0.21476499489779335,7.833333333333333,0.4022,0,1,0,0,0,1,0,1,0,0,1,0,0,0,0
CUST100399,1381928.67,409192.43,725.45,30,22.8,2020-02-28,0,35.0,Secondary,2,4.9,4.4,2026-01-01,2020,2,28,4,0.2961024247365821,5.0,0.228,0,1,0,0,0,0,1,1,0,0,0,1,0,0,0
CUST100400,853178.22,462698.1,575.5,51,54.89,2020-01-30,0,50.0,Primary,0,6.0,6.2,2026-01-01,2020,1,30,3,0.542322915838147,8.5,0.5489,0,1,0,1,0,0,0,0,1,0,1,0,0,0,0
CUST100401,671944.56,247178.24,661.83,37,71.3,2025-11-02,1,18.0,Post-Graduate,3,6.0,6.2,2026-01-01,2025,11,2,6,0.36785510995133286,6.166666666666667,0.713,0,1,0,1,0,0,0,1,0,0,0,0,0,1,0
CUST100402,1236459.73,425027.3,671.73,41,54.9,2022-07-04,0,29.0,Graduate,1,4.7,5.1,2026-01-01,2022,7,4,0,0.34374536403219536,6.833333333333333,0.5489999999999999,0,1,0,0,0,1,0,1,0,0,1,0,0,0,0
CUST100403,1106780.9,244551.39,710.73,43,56.28,2024-08-02,0,36.0,Post-Graduate,0,4.9,4.4,2026-01-01,2024,8,2,4,0.22095736382873976,7.166666666666667,0.5628,0,0,1,0,0,0,1,1,0,0,0,0,0,0,1
CUST100404,761964.11,535367.8,503.04,49,26.76,2021-08-11,1,37.0,Secondary,3,4.9,4.4,2026-01-01,2021,8,11,2,0.7026155077041621,8.166666666666666,0.2676,1,0,0,0,0,0,1,0,0,1,0,0,0,1,0
CUST100405,671944.56,422879.62,690.8,41,58.66,2023-12-25,0,36.0,Graduate,3,6.0,6.2,2026-01-01,2023,12,25,0,0.6293370691177259,6.833333333333333,0.5866,0,0,1,1,0,0,0,1,0,0,0,1,0,0,0
CUST100406,551593.72,147495.44,605.27,43,37.54,2024-02-03,0,43.0,Graduate,2,4.9,4.4,2026-01-01,2024,2,3,5,0.26739869337163596,7.166666666666667,0.3754,0,1,0,0,0,0,1,1,0,0,1,0,0,0,0
CUST100407,482994.89,61025.16,701.08,43,44.74,2021-02-01,0,24.0,Secondary,0,5.2,4.8,2026-01-01,2021,2,1,0,0.12634742367564178,7.166666666666667,0.4474,0,1,0,0,1,0,0,1,0,0,1,0,0,0,0
CUST100408,671944.56,20000.0,612.64,41,41.71,2023-06-18,0,34.0,Post-Graduate,0,5.2,4.8,2026-01-01,2023,6,18,6,0.029764360321631295,6.833333333333333,0.4171,1,0,0,0,1,0,0,1,0,0,0,0,0,1,0
CUST100409,1506513.29,702133.72,624.39,41,33.02,2022-11-04,0,37.0,Post-Graduate,1,4.9,4.4,2026-01-01,2022,11,4,4,0.4660654005913217,6.833333333333333,0.33020000000000005,0,1,0,0,0,0,1,1,0,0,0,0,0,0,1
CUST100410,488182.88,119781.64,662.21,46,23.16,2020-03-18,1,42.0,Post-Graduate,2,4.9,4.4,2026-01-01,2020,3,18,2,0.2453622298266584,7.666666666666667,0.2316,0,1,0,0,0,0,1,1,0,0,0,0,1,0,0
CUST100411,671944.56,439904.49,611.6,47,33.65,2023-02-06,0,44.0,Graduate,1,5.2,4.8,2026-01-01,2023,2,6,0,0.6546737873731725,7.833333333333333,0.33649999999999997,1,0,0,0,1,0,0,0,1,0,0,0,0,1,0
CUST100412,393994.14,92323.92,649.09,41,56.2,2019-06-06,0,24.0,Secondary,3,4.7,5.1,2026-01-01,2019,6,6,3,0.2343281552360144,6.833333333333333,0.562,0,1,0,0,0,1,0,1,0,0,0,0,0,1,0
CUST100412,393994.14,92323.92,649.09,41,56.2,2019-06-06,0,24.0,Secondary,5,4.7,5.1,2026-01-01,2019,6,6,3,0.2343281552360144,6.833333333333333,0.562,0,1,0,0,0,1,0,1,0,0,0,0,0,1,0
CUST100413,563560.44,183977.97,602.43,46,28.32,2019-03-30,1,19.0,Secondary,4,5.2,4.8,2026-01-01,2019,3,30,5,0.32645650216328176,7.666666666666667,0.2832,1,0,0,0,1,0,0,0,1,0,1,0,0,0,0
CUST100414,3117853.13,486187.77,560.84,38,53.74,2025-02-27,1,50.0,Post-Graduate,2,4.7,5.1,2026-01-01,2025,2,27,3,0.15593671341407928,6.333333333333333,0.5374,1,0,0,0,0,1,0,1,0,0,0,0,0,1,0
CUST100415,436013.64,107183.09,746.17,46,49.86,2021-09-06,0,40.0,Primary,3,4.9,4.4,2026-01-01,2021,9,6,0,0.2458250847381747,7.666666666666667,0.4986,0,1,0,0,0,0,1,1,0,0,0,0,0,1,0
CUST100416,1441875.59,801603.67,595.76,47,30.32,2020-04-06,0,28.0,Graduate,1,6.0,6.2,2026-01-01,2020,4,6,0,0.5559451006449176,7.833333333333333,0.3032,0,1,0,1,0,0,0,1,0,0,0,0,1,0,0
CUST100417,640135.15,370735.25,668.39,46,68.17,2025-11-06,0,53.0,Graduate,1,4.7,5.1,2026-01-01,2025,11,6,3,0.5791515276110053,7.666666666666667,0.6817,1,0,0,0,0,1,0,1,0,0,0,0,1,0,0
CUST100418,944767.17,191377.71,728.94,45,29.51,2020-01-15,0,37.0,Graduate,3,4.7,5.1,2026-01-01,2020,1,15,2,0.2025660036429928,7.5,0.29510000000000003,0,1,0,0,0,1,0,0,1,0,1,0,0,0,0
CUST100419,1288831.8,20000.0,640.03,41,72.24,2020-02-05,0,49.0,Post-Graduate,1,5.2,4.8,2026-01-01,2020,2,5,2,0.015517928716532289,6.833333333333333,0.7223999999999999,0,1,0,0,1,0,0,1,0,0,0,1,0,0,0
CUST100420,755001.26,138197.47,679.985,51,43.11,2022-01-07,1,37.0,Secondary,3,4.7,5.1,2026-01-01,2022,1,7,4,0.1830427011472802,8.5,0.4311,0,0,1,0,0,1,0,1,0,0,1,0,0,0,0
CUST100421,535678.1,293695.2,694.71,39,34.73,2020-07-04,0,59.0,Secondary,0,6.0,6.2,2026-01-01,2020,7,4,5,0.548268073680817,6.5,0.34729999999999994,0,1,0,1,0,0,0,1,0,0,0,0,0,0,1
CUST100422,586763.78,314961.35,752.67,43,22.86,2022-11-10,0,55.0,Primary,1,4.9,4.4,2026-01-01,2022,11,10,3,0.536777082593612,7.166666666666667,0.2286,1,0,0,0,0,0,1,0,0,1,0,1,0,0,0
CUST100423,597728.54,104326.86,603.99,49,33.55,2020-03-20,0,33.0,Graduate,2,4.9,4.4,2026-01-01,2020,3,20,4,0.17453886341113978,8.166666666666666,0.33549999999999996,0,0,1,0,0,0,1,1,0,0,1,0,0,0,0
CUST100424,1812343.74,965474.19,670.24,36,31.74,2024-09-30,0,47.0,Secondary,1,5.2,4.8,2026-01-01,2024,9,30,0,0.5327213423652182,6.0,0.31739999999999996,0,1,0,0,1,0,0,0,1,0,0,0,0,0,1
CUST100425,287350.63,180608.76,567.39,42,19.13,2024-05-21,0,43.0,Secondary,2,4.9,4.4,2026-01-01,2024,5,21,1,0.6285309344893381,7.0,0.1913,0,1,0,0,0,0,1,1,0,0,1,0,0,0,0
CUST100426,245444.91,272435.81,654.44,39,31.53,2024-04-01,0,51.0,Post-Graduate,3,4.9,4.4,2026-01-01,2024,4,1,0,1.109967242751133,6.5,0.3153,0,1,0,0,0,0,1,1,0,0,1,0,0,0,0
CUST100427,254612.62,153394.48,682.22,41,23.8,2019-11-25,0,25.0,Post-Graduate,0,4.9,4.4,2026-01-01,2019,11,25,0,0.6024622031696623,6.833333333333333,0.23800000000000002,0,1,0,0,0,0,1,1,0,0,0,0,0,1,0
CUST100428,397545.77,107682.83,624.45,41,46.37,2024-04-15,0,44.0,Secondary,2,4.7,5.1,2026-01-01,2024,4,15,0,0.2708690121391557,6.833333333333333,0.4637,0,1,0,0,0,1,0,1,0,0,0,0,1,0,0
CUST100429,955292.96,228072.63,650.3,49,65.52,2024-06-13,0,48.0,Graduate,2,4.7,5.1,2026-01-01,2024,6,13,3,0.23874626899794177,8.166666666666666,0.6552,1,0,0,0,0,1,0,1,0,0,0,0,1,0,0
CUST100430,988069.44,286487.05,588.47,42,19.42,2021-02-08,1,18.0,Post-Graduate,4,4.7,5.1,2026-01-01,2021,2,8,0,0.2899462713875656,7.0,0.1942,0,1,0,0,0,1,0,1,0,0,1,0,0,0,0
CUST100431,465376.11,297741.23,685.01,46,79.62,2023-01-22,0,23.0,Primary,2,5.2,4.8,2026-01-01,2023,1,22,6,0.6397862365560621,7.666666666666667,0.7962,1,0,0,0,1,0,0,0,1,0,0,0,0,0,1
CUST100432,639893.67,508893.45,748.62,41,32.91,2025-12-20,0,18.0,Secondary,4,5.2,4.8,2026-01-01,2025,12,20,5,0.795278143632832,6.833333333333333,0.32909999999999995,0,0,1,0,1,0,0,0,1,0,0,0,0,1,0
CUST100433,351780.75,238226.97,608.69,47,21.92,2019-05-05,0,33.0,Secondary,1,4.7,5.1,2026-01-01,2019,5,5,6,0.6772029737272435,7.833333333333333,0.2192,1,0,0,0,0,1,0,0,1,0,0,0,0,1,0
CUST100434,370190.82,104491.77,639.53,43,50.35,2019-07-23,1,44.0,Graduate,1,4.7,5.1,2026-01-01,2019,7,23,1,0.28226461693458527,7.166666666666667,0.5035000000000001,1,0,0,0,0,1,0,1,0,0,0,0,0,1,0
CUST100435,894172.87,315994.26,712.67,41,28.25,2020-10-04,0,53.0,Secondary,1,4.9,4.4,2026-01-01,2020,10,4,6,0.35339280647152715,6.833333333333333,0.2825,0,1,0,0,0,0,1,1,0,0,1,0,0,0,0
CUST100436,1156552.18,328761.91,758.79,50,33.65,2021-11-10,0,37.0,Post-Graduate,2,4.7,5.1,2026-01-01,2021,11,10,2,0.2842603348860576,8.333333333333334,0.33649999999999997,1,0,0,0,0,1,0,1,0,0,0,0,0,1,0
CUST100437,500056.96,186393.54,582.94,50,28.83,2020-08-12,1,54.0,Graduate,1,5.2,4.8,2026-01-01,2020,8,12,2,0.37274461693323896,8.333333333333334,0.2883,1,0,0,0,1,0,0,1,0,0,0,0,1,0,0
CUST100438,1597556.7,1006559.89,669.03,34,23.65,2023-05-06,0,21.0,Graduate,1,4.9,4.4,2026-01-01,2023,5,6,5,0.630062075418043,5.666666666666667,0.2365,0,1,0,0,0,0,1,0,1,0,0,1,0,0,0
CUST100439,1105502.55,92158.42,698.4,49,49.54,2025-08-06,0,18.0,Secondary,2,4.9,4.4,2026-01-01,2025,8,6,2,0.08336337170818828,8.166666666666666,0.4954,0,1,0,0,0,0,1,1,0,0,0,0,1,0,0
CUST100440,1559969.55,588584.69,673.37,33,30.51,2025-08-05,1,35.0,Graduate,2,4.9,4.4,2026-01-01,2025,8,5,1,0.37730524291323503,5.5,0.30510000000000004,1,0,0,0,0,0,1,1,0,0,0,0,0,1,0
CUST100441,550846.63,327674.28,519.01,51,17.56,2022-02-13,1,40.0,Graduate,2,4.9,4.4,2026-01-01,2022,2,13,6,0.5948557405171019,8.5,0.17559999999999998,0,1,0,0,0,0,1,1,0,0,0,0,0,0,1
CUST100442,1500194.13,169305.88,712.57,40,45.6,2019-02-24,0,36.0,Graduate,2,6.0,6.2,2026-01-01,2019,2,24,6,0.11285598084562563,6.666666666666667,0.456,0,1,0,1,0,0,0,1,0,0,0,0,1,0,0
CUST100443,2155376.75,295419.5,778.76,44,19.62,2025-05-28,0,18.0,Graduate,2,4.9,4.4,2026-01-01,2025,5,28,2,0.13706165291056424,7.333333333333333,0.1962,0,1,0,0,0,0,1,1,0,0,0,0,0,0,1
CUST100444,518058.27,153922.22,687.58,36,20.12,2021-12-10,0,35.0,Graduate,6,5.2,4.8,2026-01-01,2021,12,10,4,0.29711372043148737,6.0,0.20120000000000002,0,1,0,0,1,0,0,1,0,0,0,0,1,0,0
CUST100445,597156.6,407487.42,612.98,45,62.04,2021-04-21,0,22.0,Post-Graduate,2,4.7,5.1,2026-01-01,2021,4,21,2,0.6823794964335989,7.5,0.6204,1,0,0,0,0,1,0,0,1,0,0,0,0,1,0
CUST100446,385957.47,209823.04,646.65,50,19.71,2025-04-20,0,43.0,Post-Graduate,1,5.2,4.8,2026-01-01,2025,4,20,6,0.5436429044889325,8.333333333333334,0.1971,1,0,0,0,1,0,0,1,0,0,0,0,0,1,0
CUST100447,346420.74,20000.0,795.04,44,11.51,2020-05-06,0,40.0,Graduate,3,5.2,4.8,2026-01-01,2020,5,6,2,0.057733263891763524,7.333333333333333,0.1151,1,0,0,0,1,0,0,1,0,0,0,0,0,0,1
CUST100448,348650.2,272023.73,679.985,39,47.2,2021-09-11,0,26.0,Primary,1,5.2,4.8,2026-01-01,2021,9,11,5,0.7802196298754452,6.5,0.47200000000000003,0,1,0,0,1,0,0,0,0,1,1,0,0,0,0
CUST100449,415991.98,191163.2,721.6,49,30.25,2021-09-19,0,30.0,Primary,5,6.0,6.2,2026-01-01,2021,9,19,6,0.4595357823965741,8.166666666666666,0.3025,0,1,0,1,0,0,0,1,0,0,0,0,0,1,0
CUST100450,756027.88,459694.46,703.17,40,31.53,2024-06-17,0,24.0,Secondary,2,4.9,4.4,2026-01-01,2024,6,17,0,0.6080390315764546,6.666666666666667,0.3153,1,0,0,0,0,0,1,1,0,0,1,0,0,0,0
CUST100451,425775.67,264351.68,637.03,39,30.1,2024-04-16,0,35.0,Graduate,1,6.0,6.2,2026-01-01,2024,4,16,1,0.6208707979955735,6.5,0.301,0,1,0,1,0,0,0,1,0,0,0,1,0,0,0
CUST100452,743420.45,555109.49,666.96,33,39.12,2021-08-18,0,47.0,Graduate,1,5.2,4.8,2026-01-01,2021,8,18,2,0.7466965564372087,5.5,0.3912,1,0,0,0,1,0,0,1,0,0,0,1,0,0,0
CUST100453,751925.46,296686.19,674.94,43,24.39,2024-03-01,0,25.0,Graduate,2,4.9,4.4,2026-01-01,2024,3,1,4,0.39456861854365194,7.166666666666667,0.2439,1,0,0,0,0,0,1,1,0,0,0,0,0,1,0
CUST100454,501901.53,356496.08,715.72,37,71.09,2025-03-22,0,42.0,Post-Graduate,0,6.0,6.2,2026-01-01,2025,3,22,5,0.71029088116149,6.166666666666667,0.7109000000000001,0,1,0,1,0,0,0,0,1,0,1,0,0,0,0
CUST100455,627988.56,567408.75,778.08,30,17.23,2024-08-07,0,30.0,Post-Graduate,5,4.7,5.1,2026-01-01,2024,8,7,2,0.9035335771084746,5.0,0.1723,1,0,0,0,0,1,0,1,0,0,0,0,0,1,0
CUST100456,486200.24,354568.91,752.69,34,43.33,2019-04-13,0,27.0,Post-Graduate,3,6.0,6.2,2026-01-01,2019,4,13,5,0.729265189173909,5.666666666666667,0.43329999999999996,0,1,0,1,0,0,0,1,0,0,0,1,0,0,0
CUST100457,547885.04,310554.45,850.0,40,47.63,2021-08-27,0,36.0,Secondary,1,4.7,5.1,2026-01-01,2021,8,27,4,0.56682410967089,6.666666666666667,0.4763,0,1,0,0,0,1,0,1,0,0,0,1,0,0,0
CUST100458,416588.0,66265.99,694.56,33,24.31,2021-12-07,0,25.0,Graduate,4,4.7,5.1,2026-01-01,2021,12,7,1,0.1590684081154522,5.5,0.24309999999999998,0,1,0,0,0,1,0,1,0,0,0,0,0,1,0
CUST100459,680773.7,235200.1,727.89,40,21.41,2021-01-06,0,30.0,Secondary,0,4.9,4.4,2026-01-01,2021,1,6,2,0.3454894041882053,6.666666666666667,0.2141,0,0,1,0,0,0,1,0,1,0,0,0,1,0,0
CUST100460,467160.15,20000.0,720.23,42,57.03,2022-09-27,0,23.0,Secondary,1,4.7,5.1,2026-01-01,2022,9,27,1,0.04281187083273263,7.0,0.5703,1,0,0,0,0,1,0,0,1,0,0,0,0,1,0
CUST100461,342282.4,127237.62,639.1,27,21.75,2025-03-30,0,58.0,Secondary,1,4.7,5.1,2026-01-01,2025,3,30,6,0.3717328732064517,4.5,0.2175,1,0,0,0,0,1,0,1,0,0,0,1,0,0,0
CUST100462,900867.56,635466.69,850.0,37,26.16,2019-08-16,0,36.0,Secondary,3,4.9,4.4,2026-01-01,2019,8,16,4,0.7053941314081728,6.166666666666667,0.2616,1,0,0,0,0,0,1,0,1,0,0,0,0,0,1
CUST100463,917802.77,594873.65,596.99,40,53.58,2023-09-17,0,28.0,Graduate,0,6.0,6.2,2026-01-01,2023,9,17,6,0.6481497653357485,6.666666666666667,0.5357999999999999,0,1,0,1,0,0,0,1,0,0,0,1,0,0,0
CUST100464,1197997.34,905464.46,609.59,46,35.59,2023-06-04,0,38.0,Post-Graduate,3,5.2,4.8,2026-01-01,2023,6,4,6,0.7558150838632078,7.666666666666667,0.35590000000000005,1,0,0,0,1,0,0,0,0,1,0,1,0,0,0
CUST100465,370018.8,20000.0,695.18,47,14.77,2024-08-22,0,35.0,Secondary,0,5.2,4.8,2026-01-01,2024,8,22,3,0.0540513076632863,7.833333333333333,0.1477,1,0,0,0,1,0,0,1,0,0,0,0,1,0,0
CUST100466,498928.27,82881.13,817.59,39,80.96,2020-03-20,0,34.0,Graduate,2,5.2,4.8,2026-01-01,2020,3,20,4,0.16611832799131626,6.5,0.8096,1,0,0,0,1,0,0,0,0,1,0,0,1,0,0
CUST100467,737853.16,468586.06,625.65,41,27.14,2025-07-15,0,43.0,Graduate,2,6.0,6.2,2026-01-01,2025,7,15,1,0.6350668200702698,6.833333333333333,0.27140000000000003,0,1,0,1,0,0,0,0,1,0,1,0,0,0,0
CUST100468,493168.27,207794.27,662.72,42,28.85,2022-09-09,0,44.0,Secondary,3,4.7,5.1,2026-01-01,2022,9,9,4,0.4213455784574299,7.0,0.28850000000000003,1,0,0,0,0,1,0,1,0,0,0,0,0,1,0
CUST100469,889779.74,83787.0,750.02,40,39.57,2023-06-08,0,30.0,Graduate,1,5.2,4.8,2026-01-01,2023,6,8,3,0.09416600112742508,6.666666666666667,0.3957,0,1,0,0,1,0,0,1,0,0,0,0,0,0,1
CUST100470,854772.58,619017.49,678.84,39,47.25,2020-08-20,1,30.0,Secondary,4,4.9,4.4,2026-01-01,2020,8,20,3,0.7241896903150543,6.5,0.4725,0,1,0,0,0,0,1,0,0,1,1,0,0,0,0
CUST100471,671944.56,563361.65,658.25,39,89.72,2025-01-13,0,33.0,Graduate,0,6.0,6.2,2026-01-01,2025,1,13,0,0.8384049570994369,6.5,0.8972,1,0,0,1,0,0,0,0,1,0,1,0,0,0,0
CUST100472,1450682.39,633373.67,716.77,46,15.78,2022-03-27,0,18.0,Graduate,2,4.7,5.1,2026-01-01,2022,3,27,6,0.436603955742511,7.666666666666667,0.1578,0,1,0,0,0,1,0,1,0,0,0,0,0,1,0
CUST100473,926315.37,602993.71,697.71,28,52.03,2021-03-08,0,19.0,Secondary,0,6.0,6.2,2026-01-01,2021,3,8,0,0.6509594135310526,4.666666666666667,0.5203,0,1,0,1,0,0,0,0,1,0,0,0,0,1,0
CUST100474,707411.46,482788.18,746.98,46,50.0,2025-12-13,0,51.0,Secondary,0,6.0,6.2,2026-01-01,2025,12,13,5,0.6824715279563043,7.666666666666667,0.5,0,1,0,1,0,0,0,1,0,0,0,0,1,0,0
CUST100475,584366.2,426582.8,763.95,44,32.77,2021-04-14,0,54.0,Graduate,6,5.2,4.8,2026-01-01,2021,4,14,2,0.7299922548566293,7.333333333333333,0.32770000000000005,0,1,0,0,1,0,0,1,0,0,0,0,0,0,1
CUST100476,671944.56,524767.91,699.96,41,51.07,2024-07-25,0,33.0,Post-Graduate,1,4.7,5.1,2026-01-01,2024,7,25,3,0.7809690579234692,6.833333333333333,0.5107,1,0,0,0,0,1,0,1,0,0,0,0,1,0,0
CUST100477,671944.56,20000.0,698.96,38,54.81,2019-12-23,0,36.0,Secondary,1,4.9,4.4,2026-01-01,2019,12,23,0,0.029764360321631295,6.333333333333333,0.5481,1,0,0,0,0,0,1,1,0,0,0,0,0,1,0
CUST100478,246123.09,43220.0,693.92,46,18.03,2025-08-06,0,39.0,Graduate,1,4.7,5.1,2026-01-01,2025,8,6,2,0.17560319106996422,7.666666666666667,0.18030000000000002,0,0,1,0,0,1,0,0,1,0,0,0,0,1,0
CUST100479,838855.31,124067.11,711.79,38,81.06,2019-01-08,0,70.0,Graduate,1,6.0,6.2,2026-01-01,2019,1,8,1,0.14790048834524275,6.333333333333333,0.8106,1,0,0,1,0,0,0,1,0,0,1,0,0,0,0
CUST100480,1274068.34,185723.98,683.59,45,16.56,2025-11-24,0,48.0,Post-Graduate,4,4.7,5.1,2026-01-01,2025,11,24,0,0.14577238454885394,7.5,0.1656,0,1,0,0,0,1,0,0,1,0,1,0,0,0,0
CUST100481,542077.59,433878.12,679.96,46,20.3,2025-01-28,0,36.0,Post-Graduate,0,5.2,4.8,2026-01-01,2025,1,28,1,0.8003985554909215,7.666666666666667,0.203,1,0,0,0,1,0,0,1,0,0,0,0,0,1,0
CUST100482,1556000.69,708397.54,757.78,36,30.87,2024-11-13,0,25.0,Graduate,2,5.2,4.8,2026-01-01,2024,11,13,2,0.4552681400160562,6.0,0.30870000000000003,0,1,0,0,1,0,0,1,0,0,0,0,0,1,0
CUST100483,589863.13,431056.44,778.55,35,88.17,2022-08-22,0,18.0,Graduate,4,4.7,5.1,2026-01-01,2022,8,22,0,0.7307736626969717,5.833333333333333,0.8817,0,1,0,0,0,1,0,1,0,0,0,1,0,0,0
CUST100484,221937.94,123759.63,582.01,37,30.19,2025-11-26,0,38.0,Post-Graduate,1,5.2,4.8,2026-01-01,2025,11,26,2,0.557631696500382,6.166666666666667,0.3019,1,0,0,0,1,0,0,1,0,0,0,0,1,0,0
CUST100485,1077080.54,886917.75,680.65,45,34.47,2024-05-27,1,28.0,Graduate,1,5.2,4.8,2026-01-01,2024,5,27,0,0.8234460813858915,7.5,0.3447,0,1,0,0,1,0,0,1,0,0,1,0,0,0,0
CUST100486,499378.25,347965.67,635.23,51,69.6,2023-01-28,0,20.0,Secondary,1,4.9,4.4,2026-01-01,2023,1,28,5,0.6967978080743404,8.5,0.696,1,0,0,0,0,0,1,1,0,0,1,0,0,0,0
CUST100487,1132067.22,544825.4,659.79,25,30.3,2020-09-05,0,29.0,Primary,0,4.9,4.4,2026-01-01,2020,9,5,5,0.48126594461413696,4.166666666666667,0.303,0,1,0,0,0,0,1,1,0,0,0,0,1,0,0
CUST100488,321929.39,41604.15,706.16,38,19.88,2020-11-19,0,24.0,Post-Graduate,4,4.9,4.4,2026-01-01,2020,11,19,3,0.12923377390302887,6.333333333333333,0.19879999999999998,1,0,0,0,0,0,1,1,0,0,0,0,0,1,0
CUST100489,815333.03,205986.58,723.51,35,28.65,2021-06-16,0,36.0,Post-Graduate,1,4.9,4.4,2026-01-01,2021,6,16,2,0.2526410343022654,5.833333333333333,0.2865,1,0,0,0,0,0,1,1,0,0,1,0,0,0,0
CUST100490,418517.53,206963.28,672.71,39,67.58,2022-09-13,0,46.0,Secondary,2,4.7,5.1,2026-01-01,2022,9,13,1,0.4945151998770517,6.5,0.6758,1,0,0,0,0,1,0,1,0,0,0,0,0,0,1
CUST100491,671944.56,279167.53,555.63,36,36.21,2019-04-20,0,36.0,Graduate,3,4.9,4.4,2026-01-01,2019,4,20,5,0.41546214765099077,6.0,0.36210000000000003,1,0,0,0,0,0,1,0,1,0,0,0,0,0,1
CUST100492,990892.49,613581.94,617.27,43,88.42,2020-12-10,1,52.0,Graduate,1,5.2,4.8,2026-01-01,2020,12,10,3,0.6192215060586441,7.166666666666667,0.8842,1,0,0,0,1,0,0,0,1,0,0,0,0,0,1
CUST100493,872090.25,534926.84,738.27,47,49.88,2022-03-06,0,37.0,Secondary,4,4.9,4.4,2026-01-01,2022,3,6,6,0.6133847270967655,7.833333333333333,0.4988,0,1,0,0,0,0,1,1,0,0,0,1,0,0,0
CUST100494,675278.14,618134.4,501.87,45,25.68,2020-10-10,1,27.0,Post-Graduate,2,4.9,4.4,2026-01-01,2020,10,10,5,0.915377476901592,7.5,0.2568,1,0,0,0,0,0,1,1,0,0,1,0,0,0,0
CUST100495,5650465.87,3657382.56,757.18,51,35.87,2025-07-24,0,53.0,Secondary,2,6.0,6.2,2026-01-01,2025,7,24,3,0.6472709762602282,8.5,0.35869999999999996,0,1,0,1,0,0,0,1,0,0,0,0,0,0,1
CUST100496,671944.56,615863.52,713.88,26,23.24,2024-06-26,1,36.0,Primary,3,4.9,4.4,2026-01-01,2024,6,26,2,0.916539185911409,4.333333333333333,0.2324,1,0,0,0,0,0,1,0,0,1,1,0,0,0,0
CUST100497,1146259.26,310704.77,765.55,43,25.39,2025-11-15,0,25.0,Graduate,4,6.0,6.2,2026-01-01,2025,11,15,5,0.27105976879959953,7.166666666666667,0.2539,1,0,0,1,0,0,0,1,0,0,0,1,0,0,0
CUST100498,366252.87,48079.83,679.985,43,180.0,2023-07-25,0,34.0,Graduate,3,4.7,5.1,2026-01-01,2023,7,25,1,0.13127495765425676,7.166666666666667,1.8,1,0,0,0,0,1,0,1,0,0,0,0,0,0,1
CUST100499,397087.36,57900.75,546.01,38,57.07,2023-03-08,0,26.0,Primary,3,4.7,5.1,2026-01-01,2023,3,8,2,0.14581363153941743,6.333333333333333,0.5707,0,1,0,0,0,1,0,1,0,0,0,0,1,0,0
CUST100500,1173127.94,801854.2,707.97,28,52.91,2024-03-28,0,21.0,Graduate,1,6.0,6.2,2026-01-01,2024,3,28,3,0.683518116532115,4.666666666666667,0.5291,0,1,0,1,0,0,0,1,0,0,0,0,0,1,0
CUST100501,579594.95,170241.99,762.85,46,25.95,2019-09-03,0,36.0,Graduate,1,5.2,4.8,2026-01-01,2019,9,3,1,0.2937257993707502,7.666666666666667,0.2595,1,0,0,0,1,0,0,1,0,0,0,0,0,1,0
CUST100502,402787.86,303874.21,740.11,44,74.35,2023-05-28,1,57.0,Secondary,3,6.0,6.2,2026-01-01,2023,5,28,6,0.7544274298634522,7.333333333333333,0.7434999999999999,0,1,0,1,0,0,0,1,0,0,1,0,0,0,0
CUST100503,671944.56,433259.36,636.93,32,59.33,2021-03-08,1,21.0,Secondary,2,4.9,4.4,2026-01-01,2021,3,8,0,0.6447843851879684,5.333333333333333,0.5932999999999999,0,1,0,0,0,0,1,1,0,0,0,1,0,0,0
CUST100504,457503.23,84507.95,685.64,39,86.36,2021-12-09,0,42.0,Graduate,3,5.2,4.8,2026-01-01,2021,12,9,3,0.1847155264892884,6.5,0.8636,0,1,0,0,1,0,0,1,0,0,0,0,0,1,0
CUST100505,710199.23,165158.5,645.37,35,84.37,2020-05-29,1,29.0,Secondary,0,4.9,4.4,2026-01-01,2020,5,29,4,0.23255235013420109,5.833333333333333,0.8437,0,0,1,0,0,0,1,1,0,0,1,0,0,0,0
CUST100506,517861.95,103997.35,626.75,47,17.21,2025-03-23,0,31.0,Post-Graduate,0,4.9,4.4,2026-01-01,2025,3,23,6,0.20082060479631686,7.833333333333333,0.1721,1,0,0,0,0,0,1,1,0,0,1,0,0,0,0
CUST100507,542854.55,228754.07,679.985,48,20.55,2020-05-20,0,29.0,Post-Graduate,2,4.9,4.4,2026-01-01,2020,5,20,2,0.42139108901270145,8.0,0.20550000000000002,0,1,0,0,0,0,1,0,1,0,1,0,0,0,0
CUST100508,1197140.32,887023.36,602.16,35,21.62,2019-06-04,0,26.0,Post-Graduate,2,4.9,4.4,2026-01-01,2019,6,4,1,0.7409518710388102,5.833333333333333,0.2162,0,1,0,0,0,0,1,1,0,0,0,0,0,1,0
CUST100509,671944.56,115328.08,621.9,47,22.25,2024-06-29,0,37.0,Secondary,2,6.0,6.2,2026-01-01,2024,6,29,5,0.171633326416096,7.833333333333333,0.2225,0,1,0,1,0,0,0,0,1,0,1,0,0,0,0
CUST100510,881905.83,463145.93,608.24,32,40.88,2024-03-12,0,36.0,Post-Graduate,1,4.9,4.4,2026-01-01,2024,3,12,1,0.5251648353430207,5.333333333333333,0.40880000000000005,1,0,0,0,0,0,1,1,0,0,0,0,0,1,0
CUST100511,1093315.71,792169.4,583.13,38,26.66,2023-02-12,0,39.0,Graduate,2,4.9,4.4,2026-01-01,2023,2,12,6,0.7245568619881992,6.333333333333333,0.2666,1,0,0,0,0,0,1,1,0,0,0,1,0,0,0
CUST100512,461681.65,217736.25,679.985,34,94.65,2019-04-21,0,35.0,Secondary,2,5.2,4.8,2026-01-01,2019,4,21,6,0.4716155602025768,5.666666666666667,0.9465,0,1,0,0,1,0,0,0,0,1,0,1,0,0,0
CUST100513,1088704.03,908019.33,755.5,44,87.32,2025-12-05,0,36.0,Primary,1,4.7,5.1,2026-01-01,2025,12,5,4,0.8340368961433898,7.333333333333333,0.8732,0,1,0,0,0,1,0,1,0,0,1,0,0,0,0
CUST100514,383565.03,76548.36,667.98,38,34.89,2025-05-10,0,26.0,Primary,2,6.0,6.2,2026-01-01,2025,5,10,5,0.1995707481466702,6.333333333333333,0.3489,0,1,0,1,0,0,0,0,1,0,0,1,0,0,0
CUST100514,383565.03,76548.36,667.98,38,34.89,2025-05-10,0,26.0,Primary,3,6.0,6.2,2026-01-01,2025,5,10,5,0.1995707481466702,6.333333333333333,0.3489,0,1,0,1,0,0,0,0,1,0,0,1,0,0,0
CUST100515,452135.27,233443.84,582.13,32,89.47,2025-01-11,1,30.0,Graduate,4,4.7,5.1,2026-01-01,2025,1,11,5,0.5163141552748141,5.333333333333333,0.8946999999999999,1,0,0,0,0,1,0,1,0,0,0,0,0,1,0
CUST100516,424380.51,155667.95,734.6,33,71.5,2023-08-02,0,44.0,Graduate,3,6.0,6.2,2026-01-01,2023,8,2,2,0.366812203510477,5.5,0.715,1,0,0,1,0,0,0,0,1,0,0,1,0,0,0
CUST100517,1096833.92,333341.9,679.985,35,28.19,2022-04-05,0,42.0,Secondary,0,6.0,6.2,2026-01-01,2022,4,5,1,0.3039128293917096,5.833333333333333,0.28190000000000004,0,1,0,1,0,0,0,1,0,0,0,0,1,0,0
CUST100518,248949.77,849284.03,637.99,45,13.34,2021-11-08,1,25.0,Graduate,4,5.2,4.8,2026-01-01,2021,11,8,0,3.4114674217212575,7.5,0.1334,0,1,0,0,1,0,0,1,0,0,0,0,0,0,1
CUST100519,1602072.43,775728.78,648.89,49,31.52,2025-07-20,0,37.0,Secondary,2,6.0,6.2,2026-01-01,2025,7,20,6,0.48420331407862754,8.166666666666666,0.3152,0,1,0,1,0,0,0,0,1,0,0,0,0,0,1
CUST100520,549635.95,134219.4,713.52,34,25.69,2024-04-05,1,44.0,Graduate,2,4.9,4.4,2026-01-01,2024,4,5,4,0.24419690888123313,5.666666666666667,0.2569,0,0,1,0,0,0,1,0,0,1,0,0,0,1,0
CUST100521,911575.16,212733.74,679.985,47,38.65,2019-10-21,0,18.0,Graduate,1,4.7,5.1,2026-01-01,2019,10,21,0,0.23336939106589957,7.833333333333333,0.3865,0,1,0,0,0,1,0,0,1,0,0,0,0,1,0
CUST100522,869363.83,705924.88,679.985,40,36.53,2023-01-25,0,42.0,Post-Graduate,4,5.2,4.8,2026-01-01,2023,1,25,2,0.8120016679322857,6.666666666666667,0.3653,1,0,0,0,1,0,0,0,1,0,0,0,0,1,0
CUST100522,869363.83,705924.88,679.985,40,36.53,2023-01-25,0,42.0,Post-Graduate,4,5.2,4.8,2026-01-01,2023,1,25,2,0.8120016679322857,6.666666666666667,0.3653,1,0,0,0,1,0,0,0,1,0,0,0,0,1,0
CUST100523,706377.53,526176.34,593.39,43,36.07,2019-12-04,1,29.0,Post-Graduate,0,5.2,4.8,2026-01-01,2019,12,4,2,0.7448939379484508,7.166666666666667,0.3607,1,0,0,0,1,0,0,0,1,0,1,0,0,0,0
CUST100524,467124.13,443143.81,721.04,45,45.0,2024-01-02,0,42.0,Graduate,1,4.7,5.1,2026-01-01,2024,1,2,1,0.9486639236555816,7.5,0.45,0,1,0,0,0,1,0,1,0,0,0,0,0,1,0
CUST100525,1287267.81,876103.66,731.94,31,19.56,2025-11-04,0,28.0,Graduate,1,4.9,4.4,2026-01-01,2025,11,4,1,0.6805916012146688,5.166666666666667,0.1956,0,1,0,0,0,0,1,1,0,0,0,0,0,1,0
CUST100526,489705.49,435789.36,680.4,34,42.64,2025-07-19,0,18.0,Graduate,1,5.2,4.8,2026-01-01,2025,7,19,5,0.8899009075842707,5.666666666666667,0.4264,0,1,0,0,1,0,0,1,0,0,0,0,1,0,0
CUST100527,434756.28,115660.04,643.72,44,28.34,2020-12-17,0,36.0,Post-Graduate,2,6.0,6.2,2026-01-01,2020,12,17,3,0.2660342019671343,7.333333333333333,0.2834,1,0,0,1,0,0,0,1,0,0,0,0,0,1,0
CUST100528,1053331.23,255713.67,744.63,46,38.53,2020-09-22,0,37.0,Secondary,1,5.2,4.8,2026-01-01,2020,9,22,1,0.24276662717006883,7.666666666666667,0.38530000000000003,1,0,0,0,1,0,0,1,0,0,0,0,0,1,0
CUST100529,704250.88,619148.48,714.32,34,55.42,2021-02-03,0,39.0,Secondary,1,4.7,5.1,2026-01-01,2021,2,3,2,0.8791589724389126,5.666666666666667,0.5542,1,0,0,0,0,1,0,1,0,0,0,1,0,0,0
CUST100530,1371656.25,897945.24,630.05,57,19.45,2019-03-26,1,26.0,Secondary,1,4.9,4.4,2026-01-01,2019,3,26,1,0.6546430565238193,9.5,0.1945,1,0,0,0,0,0,1,1,0,0,0,1,0,0,0
CUST100531,627978.21,288070.66,683.19,31,30.58,2021-01-06,0,43.0,Graduate,3,4.9,4.4,2026-01-01,2021,1,6,2,0.4587271587018919,5.166666666666667,0.30579999999999996,0,1,0,0,0,0,1,0,1,0,0,0,1,0,0
CUST100532,454405.93,169470.11,592.14,50,33.06,2022-11-13,0,18.0,Graduate,0,5.2,4.8,2026-01-01,2022,11,13,6,0.37294872010143,8.333333333333334,0.3306,0,0,1,0,1,0,0,1,0,0,0,0,0,0,1
CUST100533,756030.16,324245.86,724.58,49,27.34,2019-08-15,0,35.0,Post-Graduate,1,4.7,5.1,2026-01-01,2019,8,15,3,0.4288795304145009,8.166666666666666,0.2734,1,0,0,0,0,1,0,1,0,0,0,0,0,1,0
CUST100534,508153.17,503196.69,662.95,53,53.91,2022-07-31,1,23.0,Secondary,1,5.2,4.8,2026-01-01,2022,7,31,6,0.9902460905635992,8.833333333333334,0.5390999999999999,0,1,0,0,1,0,0,1,0,0,0,1,0,0,0
CUST100535,461699.84,95521.37,651.68,39,24.77,2019-04-19,0,29.0,Graduate,2,4.7,5.1,2026-01-01,2019,4,19,4,0.20689062833550037,6.5,0.2477,0,0,1,0,0,1,0,0,1,0,0,0,0,0,1
CUST100536,1027116.73,976112.34,677.86,49,26.81,2019-05-15,0,37.0,Post-Graduate,1,6.0,6.2,2026-01-01,2019,5,15,2,0.9503421680221292,8.166666666666666,0.2681,1,0,0,1,0,0,0,1,0,0,0,0,0,0,1
CUST100537,1779927.03,1300399.05,682.62,34,24.89,2021-07-26,0,27.0,Post-Graduate,3,5.2,4.8,2026-01-01,2021,7,26,0,0.7305912141802802,5.666666666666667,0.2489,1,0,0,0,1,0,0,1,0,0,0,1,0,0,0
CUST100538,567600.81,296043.21,738.17,45,59.12,2019-10-18,0,32.0,Graduate,1,4.7,5.1,2026-01-01,2019,10,18,4,0.521569393109217,7.5,0.5912,1,0,0,0,0,1,0,1,0,0,1,0,0,0,0
CUST100539,380263.61,153235.17,718.42,35,27.63,2023-12-31,0,47.0,Graduate,2,4.7,5.1,2026-01-01,2023,12,31,6,0.40297090221175785,5.833333333333333,0.2763,1,0,0,0,0,1,0,1,0,0,0,0,0,1,0
CUST100540,597390.72,209207.34,669.83,40,43.65,2023-10-03,1,30.0,Secondary,3,4.9,4.4,2026-01-01,2023,10,3,1,0.35020185783937186,6.666666666666667,0.4365,1,0,0,0,0,0,1,1,0,0,1,0,0,0,0
CUST100541,862739.71,47205.74,729.64,42,90.35,2023-07-11,0,45.0,Post-Graduate,3,4.9,4.4,2026-01-01,2023,7,11,1,0.05471608580530042,7.0,0.9035,0,1,0,0,0,0,1,1,0,0,0,0,0,0,1
CUST100542,748885.5,91086.74,706.05,42,33.77,2024-02-11,0,24.0,Secondary,0,5.2,4.8,2026-01-01,2024,2,11,6,0.12162972844313318,7.0,0.33770000000000006,0,1,0,0,1,0,0,1,0,0,0,0,1,0,0
CUST100543,1253631.47,763304.44,652.27,39,59.69,2025-09-07,1,42.0,Post-Graduate,0,4.9,4.4,2026-01-01,2025,9,7,6,0.6088746639393154,6.5,0.5969,1,0,0,0,0,0,1,1,0,0,0,0,1,0,0
CUST100544,937082.92,463755.66,671.89,41,78.07,2019-01-27,0,52.0,Graduate,2,4.7,5.1,2026-01-01,2019,1,27,6,0.4948928745814724,6.833333333333333,0.7807,0,1,0,0,0,1,0,1,0,0,0,0,0,1,0
CUST100545,354283.4,60964.73,670.37,54,57.31,2024-08-22,0,18.0,Graduate,4,4.7,5.1,2026-01-01,2024,8,22,3,0.17207899099986057,9.0,0.5731,0,1,0,0,0,1,0,0,0,1,1,0,0,0,0
CUST100546,495539.6,117685.63,712.84,46,34.72,2020-07-07,0,27.0,Primary,0,4.9,4.4,2026-01-01,2020,7,7,1,0.2374898595389753,7.666666666666667,0.3472,0,1,0,0,0,0,1,0,0,1,0,0,1,0,0
CUST100547,304147.75,263562.03,656.14,37,47.63,2021-07-21,1,42.0,Graduate,0,4.9,4.4,2026-01-01,2021,7,21,2,0.8665591969692362,6.166666666666667,0.4763,0,1,0,0,0,0,1,1,0,0,1,0,0,0,0
CUST100548,1219926.64,368220.88,654.62,48,18.87,2025-10-28,0,34.0,Graduate,0,4.9,4.4,2026-01-01,2025,10,28,1,0.30183854334060617,8.0,0.1887,1,0,0,0,0,0,1,1,0,0,0,0,0,1,0
CUST100549,217333.79,188068.2,807.97,37,24.07,2025-03-21,0,40.0,Secondary,1,6.0,6.2,2026-01-01,2025,3,21,4,0.8653426602462507,6.166666666666667,0.2407,1,0,0,1,0,0,0,1,0,0,0,0,1,0,0
CUST100550,320903.22,99783.12,741.08,44,26.18,2024-08-30,0,29.0,Graduate,0,4.7,5.1,2026-01-01,2024,8,30,4,0.3109445894622061,7.333333333333333,0.2618,0,1,0,0,0,1,0,1,0,0,0,0,1,0,0
CUST100551,490527.34,245118.69,630.56,32,102.6,2023-07-30,1,37.0,Post-Graduate,0,4.9,4.4,2026-01-01,2023,7,30,6,0.49970444053128615,5.333333333333333,1.026,0,1,0,0,0,0,1,0,0,1,0,0,0,1,0
CUST100552,886363.32,133398.94,717.11,48,23.7,2022-09-11,0,34.0,Graduate,0,4.7,5.1,2026-01-01,2022,9,11,6,0.1505014219225588,8.0,0.237,0,1,0,0,0,1,0,1,0,0,0,0,0,1,0
CUST100553,487876.83,338357.21,687.69,39,23.53,2023-10-23,0,49.0,Graduate,3,6.0,6.2,2026-01-01,2023,10,23,0,0.6935299837870964,6.5,0.2353,1,0,0,1,0,0,0,0,1,0,0,1,0,0,0
CUST100554,531708.91,326550.18,705.45,40,21.21,2020-04-11,0,39.0,Primary,1,4.7,5.1,2026-01-01,2020,4,11,5,0.6141521683358663,6.666666666666667,0.2121,1,0,0,0,0,1,0,1,0,0,1,0,0,0,0
CUST100555,537501.76,136212.26,679.985,47,45.79,2022-06-02,0,40.0,Graduate,3,6.0,6.2,2026-01-01,2022,6,2,3,0.2534173283451202,7.833333333333333,0.4579,0,1,0,1,0,0,0,0,0,1,0,0,1,0,0
CUST100556,671944.56,310889.57,757.33,40,37.48,2023-02-07,0,31.0,Secondary,2,4.7,5.1,2026-01-01,2023,2,7,1,0.4626714590858507,6.666666666666667,0.37479999999999997,1,0,0,0,0,1,0,1,0,0,1,0,0,0,0
CUST100557,332184.66,51003.8,702.47,44,58.97,2020-09-09,0,31.0,Graduate,1,5.2,4.8,2026-01-01,2020,9,9,2,0.1535405036463755,7.333333333333333,0.5897,1,0,0,0,1,0,0,0,1,0,0,1,0,0,0
CUST100558,386072.43,245171.12,675.96,42,48.31,2020-04-02,0,31.0,Post-Graduate,1,4.9,4.4,2026-01-01,2020,4,2,3,0.6350391816374974,7.0,0.48310000000000003,1,0,0,0,0,0,1,1,0,0,0,0,0,0,1
CUST100559,1638408.13,1042311.95,747.74,47,18.04,2022-05-21,1,40.0,Graduate,2,5.2,4.8,2026-01-01,2022,5,21,5,0.6361735705010204,7.833333333333333,0.1804,1,0,0,0,1,0,0,1,0,0,1,0,0,0,0
CUST100560,811019.31,118062.73,695.16,58,23.76,2021-08-18,0,31.0,Primary,1,6.0,6.2,2026-01-01,2021,8,18,2,0.1455732663134741,9.666666666666666,0.2376,0,1,0,1,0,0,0,1,0,0,0,1,0,0,0
CUST100561,987723.26,498324.98,687.9,37,67.4,2023-02-13,0,39.0,Graduate,3,5.2,4.8,2026-01-01,2023,2,13,0,0.5045188264575241,6.166666666666667,0.674,1,0,0,0,1,0,0,1,0,0,0,0,0,1,0
CUST100562,671079.8,575515.28,700.41,29,31.75,2019-06-29,0,59.0,Graduate,1,5.2,4.8,2026-01-01,2019,6,29,5,0.8575958924706123,4.833333333333333,0.3175,0,1,0,0,1,0,0,0,0,1,0,1,0,0,0
CUST100563,601735.65,510165.82,673.92,34,61.89,2024-08-31,1,46.0,Graduate,0,5.2,4.8,2026-01-01,2024,8,31,5,0.8478238242989259,5.666666666666667,0.6189,1,0,0,0,1,0,0,0,1,0,0,0,0,0,1
CUST100564,835804.21,744436.79,680.6,34,32.57,2022-09-30,0,32.0,Post-Graduate,1,5.2,4.8,2026-01-01,2022,9,30,4,0.8906832259196207,5.666666666666667,0.3257,1,0,0,0,1,0,0,0,1,0,0,1,0,0,0
CUST100565,969867.91,430405.5,641.86,39,22.0,2021-02-01,0,49.0,Post-Graduate,1,4.9,4.4,2026-01-01,2021,2,1,0,0.44377744181679335,6.5,0.22,1,0,0,0,0,0,1,1,0,0,0,1,0,0,0
CUST100566,1035162.8,768619.81,631.17,38,30.26,2021-07-10,0,36.0,Graduate,0,4.7,5.1,2026-01-01,2021,7,10,5,0.7425110427074852,6.333333333333333,0.30260000000000004,1,0,0,0,0,1,0,0,1,0,0,0,0,1,0
CUST100567,606293.75,254425.36,615.09,55,21.99,2021-01-14,0,18.0,Graduate,1,4.9,4.4,2026-01-01,2021,1,14,3,0.41964041357840154,9.166666666666666,0.21989999999999998,0,1,0,0,0,0,1,1,0,0,1,0,0,0,0
CUST100568,1099300.63,169167.37,589.52,39,26.68,2022-12-02,0,25.0,Secondary,2,6.0,6.2,2026-01-01,2022,12,2,4,0.15388635772909545,6.5,0.2668,1,0,0,1,0,0,0,1,0,0,0,1,0,0,0
CUST100569,167427.95,155000.94,622.82,45,38.54,2023-02-19,0,18.0,Secondary,0,4.7,5.1,2026-01-01,2023,2,19,6,0.9257769685407962,7.5,0.38539999999999996,0,0,1,0,0,1,0,1,0,0,0,1,0,0,0
CUST100570,1061809.94,648178.12,668.67,49,44.74,2022-12-10,0,32.0,Graduate,0,6.0,6.2,2026-01-01,2022,12,10,5,0.6104464608798068,8.166666666666666,0.4474,1,0,0,1,0,0,0,1,0,0,0,1,0,0,0
CUST100571,513974.72,118767.39,679.985,45,16.31,2022-07-19,0,36.0,Graduate,2,6.0,6.2,2026-01-01,2022,7,19,1,0.23107632608856718,7.5,0.1631,0,1,0,1,0,0,0,1,0,0,0,1,0,0,0
CUST100572,881242.38,142511.39,662.37,29,34.71,2020-09-28,0,54.0,Graduate,0,4.9,4.4,2026-01-01,2020,9,28,0,0.16171645081345273,4.833333333333333,0.3471,0,1,0,0,0,0,1,1,0,0,0,1,0,0,0
CUST100573,454792.88,345715.11,526.88,59,26.41,2021-10-20,1,40.0,Graduate,0,4.7,5.1,2026-01-01,2021,10,20,2,0.7601594598402683,9.833333333333334,0.2641,0,1,0,0,0,1,0,1,0,0,0,0,1,0,0
CUST100574,313340.47,45262.78,782.35,40,25.64,2019-06-01,1,34.0,Primary,2,4.7,5.1,2026-01-01,2019,6,1,5,0.1444523907173561,6.666666666666667,0.2564,1,0,0,0,0,1,0,0,1,0,1,0,0,0,0
CUST100575,783530.18,81260.14,750.62,42,37.3,2019-01-13,0,45.0,Graduate,3,4.9,4.4,2026-01-01,2019,1,13,6,0.10371028720297665,7.0,0.373,1,0,0,0,0,0,1,1,0,0,1,0,0,0,0
CUST100576,284613.06,20000.0,708.97,47,26.87,2020-12-15,0,18.0,Secondary,1,4.9,4.4,2026-01-01,2020,12,15,1,0.0702708442121384,7.833333333333333,0.2687,0,1,0,0,0,0,1,1,0,0,1,0,0,0,0
CUST100577,521729.77,92677.38,803.99,36,67.95,2019-09-06,0,39.0,Secondary,3,4.9,4.4,2026-01-01,2019,9,6,4,0.17763483191691362,6.0,0.6795,1,0,0,0,0,0,1,1,0,0,0,0,0,1,0
CUST100578,415771.58,329934.52,616.47,33,61.91,2022-02-18,1,44.0,Post-Graduate,1,4.7,5.1,2026-01-01,2022,2,18,4,0.7935475532021693,5.5,0.6191,1,0,0,0,0,1,0,1,0,0,1,0,0,0,0
CUST100579,590343.44,270050.9,802.7,40,61.72,2020-01-22,0,20.0,Primary,1,4.9,4.4,2026-01-01,2020,1,22,2,0.4574471090929715,6.666666666666667,0.6172,1,0,0,0,0,0,1,1,0,0,0,0,0,1,0
CUST100580,1007711.68,588101.5,617.26,49,27.6,2020-03-14,0,49.0,Graduate,0,4.7,5.1,2026-01-01,2020,3,14,5,0.5836009561782592,8.166666666666666,0.276,1,0,0,0,0,1,0,1,0,0,0,0,0,1,0
CUST100581,496487.08,463079.6,695.52,48,22.05,2025-06-05,0,40.0,Secondary,2,4.7,5.1,2026-01-01,2025,6,5,3,0.9327122872965797,8.0,0.2205,1,0,0,0,0,1,0,1,0,0,0,0,0,0,1
CUST100582,772776.61,378367.56,597.2,28,36.41,2020-12-21,1,31.0,Post-Graduate,0,5.2,4.8,2026-01-01,2020,12,21,0,0.48962087504175367,4.666666666666667,0.3641,1,0,0,0,1,0,0,0,1,0,1,0,0,0,0
CUST100583,976146.51,350670.33,680.96,39,32.56,2020-04-17,0,43.0,Graduate,5,6.0,6.2,2026-01-01,2020,4,17,4,0.3592394444969127,6.5,0.3256,0,1,0,1,0,0,0,1,0,0,0,0,1,0,0
CUST100584,465439.48,359202.26,705.1,36,26.13,2021-10-03,0,61.0,Secondary,2,5.2,4.8,2026-01-01,2021,10,3,6,0.7717485847998972,6.0,0.2613,1,0,0,0,1,0,0,0,1,0,0,0,0,0,1
CUST100585,469166.6,228337.45,669.95,43,19.91,2020-09-24,0,38.0,Graduate,1,4.7,5.1,2026-01-01,2020,9,24,3,0.486687351571915,7.166666666666667,0.1991,1,0,0,0,0,1,0,1,0,0,0,0,0,0,1
CUST100586,1380365.03,441186.06,726.4,44,34.31,2025-10-04,0,39.0,Graduate,3,4.9,4.4,2026-01-01,2025,10,4,5,0.31961550054625765,7.333333333333333,0.3431,1,0,0,0,0,0,1,1,0,0,0,0,1,0,0
CUST100587,622229.26,439274.65,686.44,36,28.83,2019-01-24,0,31.0,Post-Graduate,1,5.2,4.8,2026-01-01,2019,1,24,3,0.7059691310562927,6.0,0.2883,1,0,0,0,1,0,0,0,1,0,0,0,1,0,0
CUST100588,860057.03,594293.19,646.04,44,48.7,2020-06-21,0,27.0,Secondary,1,5.2,4.8,2026-01-01,2020,6,21,6,0.690992770560808,7.333333333333333,0.48700000000000004,1,0,0,0,1,0,0,1,0,0,1,0,0,0,0
CUST100589,856480.0,586708.15,643.16,40,48.16,2024-06-03,0,45.0,Post-Graduate,2,5.2,4.8,2026-01-01,2024,6,3,0,0.6850225924715113,6.666666666666667,0.4816,0,1,0,0,1,0,0,1,0,0,0,0,0,1,0
CUST100590,336325.41,306261.93,732.71,55,59.37,2023-12-16,0,27.0,Post-Graduate,2,4.9,4.4,2026-01-01,2023,12,16,5,0.9106119278944759,9.166666666666666,0.5937,0,1,0,0,0,0,1,0,1,0,0,0,0,1,0
CUST100591,427729.35,277063.34,637.51,47,19.12,2020-06-23,0,37.0,Post-Graduate,1,6.0,6.2,2026-01-01,2020,6,23,1,0.6477538658499821,7.833333333333333,0.1912,1,0,0,1,0,0,0,1,0,0,1,0,0,0,0
CUST100592,799041.92,546991.36,739.5,39,42.43,2023-09-23,0,31.0,Graduate,2,4.7,5.1,2026-01-01,2023,9,23,5,0.6845590278918031,6.5,0.4243,0,1,0,0,0,1,0,0,1,0,0,1,0,0,0
CUST100593,10761340.98,8014755.15,679.985,41,24.68,2020-02-25,0,41.0,Graduate,1,4.9,4.4,2026-01-01,2020,2,25,1,0.7447729018990717,6.833333333333333,0.2468,1,0,0,0,0,0,1,1,0,0,0,0,0,1,0
CUST100594,578685.22,106979.61,571.53,41,19.48,2020-04-28,1,40.0,Graduate,4,4.9,4.4,2026-01-01,2020,4,28,1,0.18486667069188323,6.833333333333333,0.1948,0,0,1,0,0,0,1,0,1,0,0,1,0,0,0
CUST100595,403859.17,195052.79,753.64,46,28.49,2021-10-25,0,47.0,Graduate,0,4.7,5.1,2026-01-01,2021,10,25,0,0.4829722945253416,7.666666666666667,0.2849,0,1,0,0,0,1,0,1,0,0,0,1,0,0,0
CUST100596,1197211.93,798044.28,813.93,39,58.46,2025-01-13,0,30.0,Graduate,2,6.0,6.2,2026-01-01,2025,1,13,0,0.6665856395199804,6.5,0.5846,0,1,0,1,0,0,0,1,0,0,0,0,0,0,1
CUST100597,786298.01,275772.07,696.38,35,29.27,2019-02-21,0,33.0,Graduate,1,4.9,4.4,2026-01-01,2019,2,21,3,0.3507220754634747,5.833333333333333,0.2927,1,0,0,0,0,0,1,1,0,0,1,0,0,0,0
CUST100598,1251574.74,306442.0,718.94,34,74.2,2019-08-31,0,25.0,Graduate,0,6.0,6.2,2026-01-01,2019,8,31,5,0.24484514604377522,5.666666666666667,0.742,0,1,0,1,0,0,0,1,0,0,0,0,1,0,0
CUST100599,636162.36,232407.06,679.985,45,45.55,2023-08-14,0,31.0,Graduate,0,5.2,4.8,2026-01-01,2023,8,14,0,0.36532664397183134,7.5,0.45549999999999996,1,0,0,0,1,0,0,1,0,0,0,0,0,0,1
CUST100600,610533.59,251326.49,662.09,50,28.97,2025-10-03,0,40.0,Post-Graduate,1,4.9,4.4,2026-01-01,2025,10,3,4,0.41165055308422915,8.333333333333334,0.2897,1,0,0,0,0,0,1,1,0,0,0,0,0,0,1
CUST100601,549638.69,231677.59,691.85,36,61.08,2024-01-15,0,44.0,Secondary,1,6.0,6.2,2026-01-01,2024,1,15,0,0.4215088824987921,6.0,0.6108,1,0,0,1,0,0,0,1,0,0,0,0,1,0,0
CUST100602,492889.1,229378.65,594.58,41,43.34,2020-02-29,1,26.0,Post-Graduate,0,4.7,5.1,2026-01-01,2020,2,29,5,0.4653757812862975,6.833333333333333,0.4334,0,1,0,0,0,1,0,1,0,0,0,0,0,0,1
CUST100603,2845611.75,2323063.55,689.01,33,22.37,2024-10-28,0,46.0,Graduate,1,4.7,5.1,2026-01-01,2024,10,28,0,0.8163670079026064,5.5,0.2237,1,0,0,0,0,1,0,1,0,0,0,1,0,0,0
CUST100604,671944.56,597874.97,712.38,44,85.42,2020-11-25,0,51.0,Post-Graduate,2,5.2,4.8,2026-01-01,2020,11,25,2,0.889768301718225,7.333333333333333,0.8542000000000001,1,0,0,0,1,0,0,0,1,0,0,0,0,1,0
CUST100605,361610.86,338106.27,713.55,39,39.64,2019-12-20,0,41.0,Graduate,1,5.2,4.8,2026-01-01,2019,12,20,4,0.9350003205102857,6.5,0.39640000000000003,1,0,0,0,1,0,0,1,0,0,0,0,0,1,0
CUST100606,2775516.79,1221401.99,749.25,43,35.32,2023-08-17,0,57.0,Graduate,3,4.9,4.4,2026-01-01,2023,8,17,3,0.4400629080683745,7.166666666666667,0.3532,0,1,0,0,0,0,1,1,0,0,1,0,0,0,0
CUST100607,520210.43,142464.55,629.64,39,23.21,2019-10-20,0,27.0,Post-Graduate,3,5.2,4.8,2026-01-01,2019,10,20,6,0.27385946490922913,6.5,0.2321,1,0,0,0,1,0,0,1,0,0,0,0,1,0,0
CUST100608,775575.99,326966.4,645.38,42,61.65,2020-12-17,1,36.0,Secondary,0,4.7,5.1,2026-01-01,2020,12,17,3,0.4215788062237461,7.0,0.6164999999999999,1,0,0,0,0,1,0,1,0,0,1,0,0,0,0
CUST100609,1089801.58,649470.54,803.21,41,44.86,2020-06-12,0,18.0,Post-Graduate,1,6.0,6.2,2026-01-01,2020,6,12,4,0.5959530174290993,6.833333333333333,0.4486,1,0,0,1,0,0,0,0,1,0,1,0,0,0,0
CUST100610,278968.17,87285.06,670.23,52,47.34,2020-04-24,0,52.0,Graduate,1,5.2,4.8,2026-01-01,2020,4,24,4,0.31288537326677807,8.666666666666666,0.47340000000000004,0,1,0,0,1,0,0,1,0,0,0,0,0,1,0
CUST100611,412378.91,250562.9,693.0,43,27.43,2020-04-21,0,43.0,Graduate,1,4.9,4.4,2026-01-01,2020,4,21,1,0.6076035750712858,7.166666666666667,0.2743,0,0,1,0,0,0,1,0,0,1,0,0,0,1,0
CUST100612,1609152.65,921173.08,675.64,44,52.23,2019-01-25,0,35.0,Secondary,1,5.2,4.8,2026-01-01,2019,1,25,4,0.5724584799335228,7.333333333333333,0.5223,0,1,0,0,1,0,0,1,0,0,0,0,1,0,0
CUST100613,574394.59,154904.98,626.59,51,54.22,2025-10-14,0,39.0,Graduate,1,4.7,5.1,2026-01-01,2025,10,14,1,0.2696839118906047,8.5,0.5422,0,1,0,0,0,1,0,0,1,0,0,0,0,1,0
CUST100614,1125790.72,893999.28,785.53,43,25.39,2025-06-22,0,24.0,Secondary,3,4.7,5.1,2026-01-01,2025,6,22,6,0.7941078782386837,7.166666666666667,0.2539,0,1,0,0,0,1,0,1,0,0,1,0,0,0,0
CUST100615,506520.46,212963.93,645.7,35,17.73,2020-09-29,0,63.0,Primary,2,5.2,4.8,2026-01-01,2020,9,29,1,0.42044487205906744,5.833333333333333,0.1773,1,0,0,0,1,0,0,0,1,0,0,0,1,0,0
CUST100616,616889.29,189428.34,606.73,48,46.27,2025-08-02,1,37.0,Secondary,5,5.2,4.8,2026-01-01,2025,8,2,5,0.3070702362169393,8.0,0.46270000000000006,1,0,0,0,1,0,0,1,0,0,0,0,1,0,0
CUST100617,1735175.15,849615.49,650.7,51,16.45,2022-07-23,0,37.0,Primary,1,4.9,4.4,2026-01-01,2022,7,23,5,0.4896424951682832,8.5,0.16449999999999998,0,0,1,0,0,0,1,1,0,0,0,1,0,0,0
CUST100618,826834.12,511880.79,549.89,42,37.65,2020-11-20,1,44.0,Post-Graduate,1,4.9,4.4,2026-01-01,2020,11,20,4,0.6190852283647897,7.0,0.3765,0,1,0,0,0,0,1,1,0,0,1,0,0,0,0
CUST100619,537702.85,184225.82,637.67,42,28.24,2019-12-10,0,41.0,Post-Graduate,2,5.2,4.8,2026-01-01,2019,12,10,1,0.34261640978841756,7.0,0.2824,0,1,0,0,1,0,0,1,0,0,1,0,0,0,0
CUST100620,446358.51,52671.43,617.07,33,62.82,2022-12-25,0,38.0,Graduate,0,6.0,6.2,2026-01-01,2022,12,25,6,0.11800252223263313,5.5,0.6282,1,0,0,1,0,0,0,0,1,0,0,0,0,0,1
CUST100621,469393.25,311155.84,720.13,45,28.99,2020-12-12,0,27.0,Graduate,2,4.9,4.4,2026-01-01,2020,12,12,5,0.6628894642179026,7.5,0.2899,1,0,0,0,0,0,1,1,0,0,1,0,0,0,0
CUST100622,1286692.67,933554.34,636.23,47,59.55,2020-03-14,1,41.0,Secondary,1,4.9,4.4,2026-01-01,2020,3,14,5,0.7255457047097347,7.833333333333333,0.5954999999999999,1,0,0,0,0,0,1,1,0,0,0,0,1,0,0
CUST100623,990288.62,386930.75,737.71,44,27.34,2022-12-25,0,57.0,Graduate,1,4.7,5.1,2026-01-01,2022,12,25,6,0.3907252311957296,7.333333333333333,0.2734,1,0,0,0,0,1,0,0,1,0,0,0,0,1,0
CUST100624,345571.72,379005.43,770.9,43,56.56,2019-05-23,0,51.0,Post-Graduate,2,4.7,5.1,2026-01-01,2019,5,23,3,1.096748975871058,7.166666666666667,0.5656,0,1,0,0,0,1,0,1,0,0,1,0,0,0,0
CUST100625,681925.61,419962.97,730.78,31,94.1,2023-11-19,0,54.0,Post-Graduate,1,4.7,5.1,2026-01-01,2023,11,19,6,0.6158486553980572,5.166666666666667,0.941,1,0,0,0,0,1,0,0,0,1,0,0,0,0,1
CUST100626,626546.69,163787.62,666.0,43,20.96,2021-05-17,0,30.0,Graduate,0,6.0,6.2,2026-01-01,2021,5,17,0,0.26141327153128846,7.166666666666667,0.2096,0,1,0,1,0,0,0,0,1,0,0,0,0,1,0
CUST100627,773420.89,532334.55,689.17,49,40.27,2025-07-28,0,25.0,Graduate,1,4.9,4.4,2026-01-01,2025,7,28,0,0.6882857146514365,8.166666666666666,0.40270000000000006,1,0,0,0,0,0,1,1,0,0,0,1,0,0,0
CUST100627,773420.89,532334.55,689.17,49,40.27,2025-07-28,0,25.0,Graduate,2,4.9,4.4,2026-01-01,2025,7,28,0,0.6882857146514365,8.166666666666666,0.40270000000000006,1,0,0,0,0,0,1,1,0,0,0,1,0,0,0
CUST100628,466383.5,83383.74,580.88,46,130.94,2023-01-28,0,35.0,Secondary,1,5.2,4.8,2026-01-01,2023,1,28,5,0.17878792881823652,7.666666666666667,1.3094,0,1,0,0,1,0,0,0,1,0,0,0,0,1,0
CUST100629,1188878.2,237964.25,671.3,36,36.14,2020-04-12,0,37.0,Post-Graduate,3,4.7,5.1,2026-01-01,2020,4,12,6,0.20015864535155914,6.0,0.3614,1,0,0,0,0,1,0,1,0,0,1,0,0,0,0
CUST100630,649521.38,475470.86,624.07,30,36.05,2023-01-27,0,48.0,Primary,1,4.9,4.4,2026-01-01,2023,1,27,4,0.7320326545678911,5.0,0.3605,0,1,0,0,0,0,1,1,0,0,0,1,0,0,0
CUST100631,798202.6,466038.93,725.13,41,51.1,2021-05-26,0,18.0,Graduate,0,4.9,4.4,2026-01-01,2021,5,26,2,0.5838604509682128,6.833333333333333,0.511,1,0,0,0,0,0,1,1,0,0,0,0,0,1,0
CUST100632,422163.53,42437.7,847.23,38,35.7,2022-11-18,0,53.0,Graduate,3,4.9,4.4,2026-01-01,2022,11,18,4,0.10052431577876941,6.333333333333333,0.35700000000000004,1,0,0,0,0,0,1,1,0,0,0,0,0,0,1
CUST100633,434024.13,309818.14,712.49,36,15.42,2021-07-07,0,34.0,Graduate,0,4.9,4.4,2026-01-01,2021,7,7,2,0.7138269939046937,6.0,0.1542,1,0,0,0,0,0,1,0,1,0,0,0,1,0,0
CUST100634,2803442.69,1801464.03,550.58,42,60.27,2023-12-15,1,31.0,Secondary,3,4.7,5.1,2026-01-01,2023,12,15,4,0.642589925745905,7.0,0.6027,0,1,0,0,0,1,0,0,1,0,0,1,0,0,0
CUST100635,1749379.33,1431134.85,656.52,26,13.38,2023-11-12,0,25.0,Post-Graduate,2,6.0,6.2,2026-01-01,2023,11,12,6,0.8180814906507441,4.333333333333333,0.1338,1,0,0,1,0,0,0,1,0,0,0,1,0,0,0
CUST100636,625560.3,140395.09,687.96,41,28.65,2021-12-17,0,18.0,Secondary,2,6.0,6.2,2026-01-01,2021,12,17,4,0.22443094614539955,6.833333333333333,0.2865,1,0,0,1,0,0,0,1,0,0,0,1,0,0,0
CUST100637,1510392.06,1097166.68,685.68,46,62.48,2022-02-23,0,45.0,Graduate,1,5.2,4.8,2026-01-01,2022,2,23,2,0.726411843028359,7.666666666666667,0.6248,1,0,0,0,1,0,0,0,0,1,0,0,1,0,0
CUST100638,1266456.34,546060.67,632.5,38,29.49,2021-04-20,0,37.0,Secondary,4,6.0,6.2,2026-01-01,2021,4,20,1,0.4311721239438858,6.333333333333333,0.2949,1,0,0,1,0,0,0,1,0,0,0,1,0,0,0
CUST100639,671944.56,20000.0,695.94,42,25.09,2024-09-30,0,22.0,Secondary,1,6.0,6.2,2026-01-01,2024,9,30,0,0.029764360321631295,7.0,0.2509,1,0,0,1,0,0,0,1,0,0,0,0,1,0,0
CUST100640,436269.03,248150.72,599.24,39,53.38,2021-10-08,0,22.0,Graduate,0,5.2,4.8,2026-01-01,2021,10,8,4,0.5688020531734741,6.5,0.5338,1,0,0,0,1,0,0,1,0,0,1,0,0,0,0
CUST100641,938933.36,639095.26,618.58,41,23.26,2021-03-24,1,32.0,Graduate,4,4.9,4.4,2026-01-01,2021,3,24,2,0.6806609363629385,6.833333333333333,0.23260000000000003,0,1,0,0,0,0,1,0,1,0,1,0,0,0,0
CUST100642,671944.56,415511.81,721.98,50,19.47,2025-05-05,0,54.0,Secondary,2,6.0,6.2,2026-01-01,2025,5,5,0,0.6183721615366601,8.333333333333334,0.19469999999999998,1,0,0,1,0,0,0,1,0,0,0,1,0,0,0
CUST100643,521062.41,310295.63,613.98,42,39.93,2024-11-13,0,33.0,Secondary,3,4.9,4.4,2026-01-01,2024,11,13,2,0.5955056899997834,7.0,0.3993,1,0,0,0,0,0,1,0,1,0,0,0,1,0,0
CUST100644,966466.81,170670.21,714.98,33,32.06,2019-09-30,0,19.0,Graduate,3,5.2,4.8,2026-01-01,2019,9,30,0,0.17659189972597195,5.5,0.3206,0,1,0,0,1,0,0,0,1,0,1,0,0,0,0
CUST100645,294007.93,139922.37,590.98,48,19.27,2023-09-13,1,33.0,Graduate,4,4.7,5.1,2026-01-01,2023,9,13,2,0.4759135918544782,8.0,0.19269999999999998,0,1,0,0,0,1,0,1,0,0,0,0,0,1,0
CUST100646,692441.12,347034.37,794.71,33,47.52,2024-12-20,0,33.0,Post-Graduate,0,6.0,6.2,2026-01-01,2024,12,20,4,0.501175276823537,5.5,0.4752,0,1,0,1,0,0,0,1,0,0,0,0,0,1,0
CUST100647,328837.71,181113.64,629.67,34,43.74,2024-11-06,0,18.0,Secondary,1,4.7,5.1,2026-01-01,2024,11,6,2,0.550769070858692,5.666666666666667,0.4374,1,0,0,0,0,1,0,0,1,0,0,0,1,0,0
CUST100648,334848.14,105399.63,679.985,47,29.45,2019-01-05,0,35.0,Graduate,2,6.0,6.2,2026-01-01,2019,1,5,5,0.3147684499606299,7.833333333333333,0.2945,1,0,0,1,0,0,0,1,0,0,1,0,0,0,0
CUST100649,440650.36,380758.87,701.49,45,30.43,2019-12-23,0,33.0,Secondary,0,4.9,4.4,2026-01-01,2019,12,23,0,0.8640838736634642,7.5,0.3043,1,0,0,0,0,0,1,0,1,0,0,0,0,1,0
CUST100650,671944.56,360446.02,679.985,34,43.87,2022-09-28,1,36.0,Primary,2,5.2,4.8,2026-01-01,2022,9,28,2,0.536422260788896,5.666666666666667,0.4387,1,0,0,0,1,0,0,0,0,1,1,0,0,0,0
CUST100651,448357.99,346811.24,689.32,34,61.97,2019-07-23,1,56.0,Graduate,1,6.0,6.2,2026-01-01,2019,7,23,1,0.7735141287434177,5.666666666666667,0.6197,0,1,0,1,0,0,0,1,0,0,1,0,0,0,0
CUST100652,671944.56,309098.1,679.985,34,30.56,2023-05-16,0,48.0,Graduate,2,6.0,6.2,2026-01-01,2023,5,16,1,0.4600053611565811,5.666666666666667,0.3056,0,1,0,1,0,0,0,0,1,0,0,0,0,0,1
CUST100653,845103.77,466704.0,742.44,46,47.92,2025-11-23,1,33.0,Secondary,6,4.7,5.1,2026-01-01,2025,11,23,6,0.5522446077834915,7.666666666666667,0.4792,0,1,0,0,0,1,0,0,1,0,0,0,0,1,0
CUST100654,1477317.52,46000.5,731.45,34,45.91,2025-11-16,0,24.0,Secondary,2,4.9,4.4,2026-01-01,2025,11,16,6,0.031137855861886752,5.666666666666667,0.45909999999999995,0,1,0,0,0,0,1,0,1,0,1,0,0,0,0
CUST100655,923656.36,185385.22,668.83,38,53.38,2020-05-11,0,36.0,Primary,2,4.9,4.4,2026-01-01,2020,5,11,0,0.20070799923902435,6.333333333333333,0.5338,0,1,0,0,0,0,1,1,0,0,0,0,0,1,0
CUST100656,1751033.85,1123692.72,670.47,33,35.67,2020-12-02,1,37.0,Post-Graduate,2,6.0,6.2,2026-01-01,2020,12,2,2,0.6417310093691221,5.5,0.3567,0,1,0,1,0,0,0,1,0,0,0,0,1,0,0
CUST100657,1410952.77,435049.74,832.69,47,22.59,2021-04-16,0,36.0,Post-Graduate,3,6.0,6.2,2026-01-01,2021,4,16,4,0.3083375639852211,7.833333333333333,0.2259,1,0,0,1,0,0,0,1,0,0,0,0,1,0,0
CUST100658,497147.54,254902.67,741.74,46,28.03,2019-03-04,0,36.0,Secondary,2,4.7,5.1,2026-01-01,2019,3,4,0,0.512730426062251,7.666666666666667,0.2803,1,0,0,0,0,1,0,1,0,0,0,1,0,0,0
CUST100659,920263.7,199434.48,620.08,47,41.26,2023-04-29,0,38.0,Secondary,1,4.9,4.4,2026-01-01,2023,4,29,5,0.2167144917266649,7.833333333333333,0.41259999999999997,0,0,1,0,0,0,1,1,0,0,1,0,0,0,0
CUST100660,618053.75,166408.38,686.5,34,83.78,2019-08-27,0,34.0,Post-Graduate,1,6.0,6.2,2026-01-01,2019,8,27,1,0.26924580588662395,5.666666666666667,0.8378,1,0,0,1,0,0,0,0,1,0,0,0,0,1,0
CUST100661,1165758.52,603946.06,679.985,39,27.74,2020-06-23,1,30.0,Post-Graduate,4,4.9,4.4,2026-01-01,2020,6,23,1,0.5180713240680411,6.5,0.2774,1,0,0,0,0,0,1,1,0,0,0,0,1,0,0
CUST100661,1165758.52,603946.06,679.985,39,27.74,2020-06-23,1,30.0,Post-Graduate,4,4.9,4.4,2026-01-01,2020,6,23,1,0.5180713240680411,6.5,0.2774,1,0,0,0,0,0,1,1,0,0,0,0,1,0,0
CUST100662,617992.31,482966.48,679.985,29,51.5,2019-07-17,0,30.0,Graduate,3,4.9,4.4,2026-01-01,2019,7,17,2,0.7815088831768796,4.833333333333333,0.515,0,1,0,0,0,0,1,1,0,0,0,0,0,1,0
CUST100663,421234.33,220361.02,600.08,46,29.9,2021-02-19,1,36.0,Primary,4,4.7,5.1,2026-01-01,2021,2,19,4,0.523131673527179,7.666666666666667,0.299,1,0,0,0,0,1,0,1,0,0,1,0,0,0,0
CUST100664,1383463.8,1102036.04,653.22,39,36.91,2019-01-30,0,30.0,Primary,2,4.9,4.4,2026-01-01,2019,1,30,2,0.7965774312273296,6.5,0.3691,1,0,0,0,0,0,1,0,1,0,0,0,0,1,0
CUST100665,774145.56,628427.46,797.75,32,72.44,2022-05-17,0,28.0,Graduate,1,5.2,4.8,2026-01-01,2022,5,17,1,0.8117691200089037,5.333333333333333,0.7243999999999999,0,1,0,0,1,0,0,1,0,0,1,0,0,0,0
CUST100666,451254.3,78489.61,717.64,39,50.51,2021-12-22,0,37.0,Graduate,0,4.7,5.1,2026-01-01,2021,12,22,2,0.17393653644962498,6.5,0.5051,0,1,0,0,0,1,0,1,0,0,1,0,0,0,0
CUST100667,494067.87,154507.89,518.07,49,19.29,2021-12-16,1,33.0,Primary,1,4.7,5.1,2026-01-01,2021,12,16,3,0.3127260430839188,8.166666666666666,0.1929,1,0,0,0,0,1,0,1,0,0,1,0,0,0,0
CUST100668,449670.91,325248.28,759.09,54,26.59,2024-01-30,0,53.0,Graduate,1,4.9,4.4,2026-01-01,2024,1,30,1,0.7233029150140045,9.0,0.2659,0,1,0,0,0,0,1,0,1,0,0,0,0,1,0
CUST100669,374657.13,226731.92,750.83,53,63.96,2023-05-18,0,18.0,Primary,1,4.9,4.4,2026-01-01,2023,5,18,3,0.6051717739897277,8.833333333333334,0.6396000000000001,1,0,0,0,0,0,1,1,0,0,1,0,0,0,0
CUST100670,499865.43,234709.93,656.65,44,37.47,2023-06-17,0,48.0,Graduate,0,6.0,6.2,2026-01-01,2023,6,17,5,0.4695462336733308,7.333333333333333,0.3747,1,0,0,1,0,0,0,1,0,0,0,0,0,1,0
CUST100671,798020.3,790122.0,726.62,48,20.16,2021-10-14,0,50.0,Secondary,1,4.9,4.4,2026-01-01,2021,10,14,3,0.9901026327275133,8.0,0.2016,0,1,0,0,0,0,1,0,0,1,1,0,0,0,0
CUST100672,673309.92,69386.09,624.14,42,23.62,2021-12-05,0,36.0,Primary,3,6.0,6.2,2026-01-01,2021,12,5,6,0.10305223187562719,7.0,0.23620000000000002,1,0,0,1,0,0,0,0,1,0,1,0,0,0,0
CUST100673,510787.19,110024.4,649.43,40,49.06,2024-10-25,0,32.0,Graduate,1,4.9,4.4,2026-01-01,2024,10,25,4,0.21540164309915444,6.666666666666667,0.49060000000000004,0,1,0,0,0,0,1,0,0,1,0,0,1,0,0
CUST100674,1479562.14,776616.41,777.41,44,56.41,2022-04-07,0,32.0,Graduate,1,4.7,5.1,2026-01-01,2022,4,7,3,0.5248961087906724,7.333333333333333,0.5640999999999999,0,1,0,0,0,1,0,1,0,0,1,0,0,0,0
CUST100675,215104.5,21308.52,662.34,41,35.3,2021-03-24,0,21.0,Post-Graduate,1,4.7,5.1,2026-01-01,2021,3,24,2,0.09906124697530735,6.833333333333333,0.353,0,1,0,0,0,1,0,1,0,0,0,0,0,1,0
CUST100676,769197.0,241814.68,558.47,33,114.84,2022-02-26,1,27.0,Graduate,2,5.2,4.8,2026-01-01,2022,2,26,5,0.31437288496965016,5.5,1.1484,1,0,0,0,1,0,0,0,1,0,0,0,1,0,0
CUST100677,600915.77,286329.71,675.89,53,51.98,2023-10-03,1,24.0,Secondary,5,4.9,4.4,2026-01-01,2023,10,3,1,0.4764889262267156,8.833333333333334,0.5197999999999999,0,1,0,0,0,0,1,1,0,0,0,1,0,0,0
CUST100678,381218.49,20000.0,674.89,47,31.14,2024-02-27,0,55.0,Graduate,2,4.9,4.4,2026-01-01,2024,2,27,1,0.05246335244651958,7.833333333333333,0.3114,1,0,0,0,0,0,1,0,1,0,0,0,0,0,1
CUST100679,794269.05,475134.25,757.89,38,23.66,2019-09-25,0,46.0,Secondary,3,4.7,5.1,2026-01-01,2019,9,25,2,0.5982031529492431,6.333333333333333,0.2366,0,1,0,0,0,1,0,1,0,0,0,0,0,0,1
CUST100679,794269.05,475134.25,757.89,38,23.66,2019-09-25,0,46.0,Secondary,3,4.7,5.1,2026-01-01,2019,9,25,2,0.5982031529492431,6.333333333333333,0.2366,0,1,0,0,0,1,0,1,0,0,0,0,0,0,1
CUST100680,576001.83,516756.35,680.93,44,21.92,2023-11-09,0,50.0,Post-Graduate,3,5.2,4.8,2026-01-01,2023,11,9,3,0.8971435906722727,7.333333333333333,0.2192,1,0,0,0,1,0,0,1,0,0,1,0,0,0,0
CUST100681,1290600.34,983146.08,652.6,42,41.11,2020-08-07,0,44.0,Graduate,1,4.9,4.4,2026-01-01,2020,8,7,4,0.7617742298130805,7.0,0.4111,0,1,0,0,0,0,1,1,0,0,0,0,0,0,1
CUST100682,1047758.34,624994.16,747.93,49,27.68,2025-10-02,0,24.0,Graduate,2,5.2,4.8,2026-01-01,2025,10,2,3,0.5965060225624165,8.166666666666666,0.2768,0,1,0,0,1,0,0,1,0,0,0,1,0,0,0
CUST100683,1854451.54,967710.33,687.85,37,78.16,2024-03-05,0,36.0,Primary,1,6.0,6.2,2026-01-01,2024,3,5,1,0.5218310153308184,6.166666666666667,0.7816,1,0,0,1,0,0,0,1,0,0,0,0,0,0,1
CUST100684,498272.69,126855.11,631.25,34,70.75,2022-03-30,0,41.0,Graduate,0,4.9,4.4,2026-01-01,2022,3,30,2,0.25458973077573244,5.666666666666667,0.7075,1,0,0,0,0,0,1,1,0,0,0,1,0,0,0
CUST100685,1401190.25,441960.86,755.07,39,47.43,2021-12-17,0,23.0,Post-Graduate,1,4.7,5.1,2026-01-01,2021,12,17,4,0.3154181668049717,6.5,0.4743,0,1,0,0,0,1,0,0,0,1,1,0,0,0,0
CUST100686,342322.15,125385.44,692.59,48,19.87,2020-01-19,0,44.0,Post-Graduate,5,5.2,4.8,2026-01-01,2020,1,19,6,0.36627907367373097,8.0,0.19870000000000002,1,0,0,0,1,0,0,1,0,0,1,0,0,0,0
CUST100687,611626.8,224703.13,680.19,49,25.35,2020-03-05,0,33.0,Secondary,1,6.0,6.2,2026-01-01,2020,3,5,3,0.3673860105541484,8.166666666666666,0.2535,0,1,0,1,0,0,0,1,0,0,0,0,0,1,0
CUST100688,503249.71,288239.75,691.56,40,63.95,2021-11-15,0,32.0,Secondary,2,4.9,4.4,2026-01-01,2021,11,15,0,0.572756912269259,6.666666666666667,0.6395000000000001,1,0,0,0,0,0,1,0,1,0,0,1,0,0,0
CUST100689,905346.13,668126.24,610.41,33,26.71,2024-01-08,0,44.0,Post-Graduate,2,6.0,6.2,2026-01-01,2024,1,8,0,0.7379787882895131,5.5,0.2671,0,1,0,1,0,0,0,1,0,0,0,0,0,1,0
CUST100690,893390.75,384303.38,645.7,41,59.98,2021-03-08,0,41.0,Post-Graduate,3,4.9,4.4,2026-01-01,2021,3,8,0,0.4301627031620822,6.833333333333333,0.5998,0,1,0,0,0,0,1,1,0,0,0,0,0,0,1
CUST100691,396086.09,249739.65,680.23,36,43.95,2020-01-07,1,32.0,Secondary,3,5.2,4.8,2026-01-01,2020,1,7,1,0.6305186077097531,6.0,0.4395,1,0,0,0,1,0,0,1,0,0,0,0,0,1,0
CUST100692,933534.63,196860.71,667.35,46,35.88,2021-11-25,0,49.0,Graduate,1,6.0,6.2,2026-01-01,2021,11,25,3,0.21087670845161896,7.666666666666667,0.3588,1,0,0,1,0,0,0,1,0,0,0,0,1,0,0
CUST100693,5902139.09,3347964.11,762.71,35,24.98,2023-12-19,0,24.0,Secondary,3,6.0,6.2,2026-01-01,2023,12,19,1,0.5672458847458304,5.833333333333333,0.2498,0,1,0,1,0,0,0,1,0,0,1,0,0,0,0
CUST100694,414774.01,157414.65,694.13,44,33.45,2024-01-23,1,43.0,Post-Graduate,1,4.9,4.4,2026-01-01,2024,1,23,1,0.379519078353053,7.333333333333333,0.3345,1,0,0,0,0,0,1,0,1,0,0,0,0,1,0
CUST100695,645801.78,293292.06,735.57,33,38.34,2022-07-14,0,43.0,Secondary,3,5.2,4.8,2026-01-01,2022,7,14,3,0.454151829683715,5.5,0.3834,1,0,0,0,1,0,0,0,0,1,0,0,1,0,0
CUST100696,288503.75,135183.8,680.61,46,57.45,2024-12-27,0,33.0,Secondary,3,4.9,4.4,2026-01-01,2024,12,27,4,0.46856860612730333,7.666666666666667,0.5745,0,1,0,0,0,0,1,1,0,0,0,0,1,0,0
CUST100697,1084843.33,887275.91,748.66,41,22.88,2019-03-08,0,40.0,Graduate,3,6.0,6.2,2026-01-01,2019,3,8,4,0.8178839150903016,6.833333333333333,0.2288,1,0,0,1,0,0,0,1,0,0,0,0,0,1,0
CUST100698,630416.63,387867.01,705.84,43,30.85,2021-10-11,0,22.0,Primary,2,4.7,5.1,2026-01-01,2021,10,11,0,0.615255041733274,7.166666666666667,0.3085,0,1,0,0,0,1,0,1,0,0,1,0,0,0,0
CUST100699,638047.21,468733.72,680.87,46,35.76,2023-04-03,0,36.0,Graduate,0,5.2,4.8,2026-01-01,2023,4,3,0,0.7346379901888451,7.666666666666667,0.3576,1,0,0,0,1,0,0,1,0,0,0,1,0,0,0
CUST100700,619573.12,436731.05,679.14,41,48.11,2022-10-24,0,34.0,Graduate,1,4.9,4.4,2026-01-01,2022,10,24,0,0.7048902476595499,6.833333333333333,0.48109999999999997,1,0,0,0,0,0,1,0,1,0,0,0,0,1,0
CUST100701,1607989.49,1366345.86,617.96,50,22.63,2025-04-27,0,30.0,Secondary,3,5.2,4.8,2026-01-01,2025,4,27,6,0.8497231284764182,8.333333333333334,0.2263,0,0,1,0,1,0,0,1,0,0,0,0,1,0,0
CUST100702,1498702.62,444033.46,712.95,37,18.6,2023-08-29,0,48.0,Graduate,2,4.7,5.1,2026-01-01,2023,8,29,1,0.2962785639221742,6.166666666666667,0.18600000000000003,0,1,0,0,0,1,0,1,0,0,0,1,0,0,0
CUST100703,1366340.07,152923.48,677.39,39,48.37,2020-08-01,0,28.0,Graduate,3,4.7,5.1,2026-01-01,2020,8,1,5,0.1119219756176806,6.5,0.48369999999999996,0,1,0,0,0,1,0,1,0,0,0,0,0,0,1
CUST100704,620297.66,171636.07,647.37,39,16.89,2023-05-25,0,21.0,Secondary,4,4.9,4.4,2026-01-01,2023,5,25,3,0.2766995284167282,6.5,0.1689,0,1,0,0,0,0,1,1,0,0,0,0,0,0,1
CUST100705,671944.56,20000.0,751.92,27,64.85,2022-05-11,0,19.0,Graduate,2,6.0,6.2,2026-01-01,2022,5,11,2,0.029764360321631295,4.5,0.6485,0,1,0,1,0,0,0,1,0,0,0,0,1,0,0
CUST100706,644312.38,342890.89,598.74,39,32.48,2024-05-12,0,43.0,Post-Graduate,0,4.9,4.4,2026-01-01,2024,5,12,6,0.5321811292839042,6.5,0.3248,0,1,0,0,0,0,1,1,0,0,0,1,0,0,0
CUST100707,772701.33,510208.93,652.54,49,16.65,2024-06-01,0,36.0,Graduate,3,4.7,5.1,2026-01-01,2024,6,1,5,0.6602925479628721,8.166666666666666,0.16649999999999998,1,0,0,0,0,1,0,0,1,0,0,1,0,0,0
CUST100708,1016283.91,457149.45,746.8,31,27.79,2020-02-14,0,55.0,Secondary,0,6.0,6.2,2026-01-01,2020,2,14,4,0.44982454755187457,5.166666666666667,0.2779,0,1,0,1,0,0,0,1,0,0,0,1,0,0,0
CUST100709,771335.07,232426.46,700.51,43,41.99,2023-09-08,0,18.0,Secondary,3,6.0,6.2,2026-01-01,2023,9,8,4,0.30133008213927054,7.166666666666667,0.4199,0,1,0,1,0,0,0,0,1,0,0,0,1,0,0
CUST100710,671944.56,350620.2,676.89,37,27.1,2024-11-30,0,55.0,Secondary,2,4.9,4.4,2026-01-01,2024,11,30,5,0.5217992984421215,6.166666666666667,0.271,1,0,0,0,0,0,1,1,0,0,1,0,0,0,0
CUST100711,484197.97,103181.32,696.32,36,35.34,2021-04-19,1,38.0,Graduate,5,4.9,4.4,2026-01-01,2021,4,19,0,0.213097382461145,6.0,0.35340000000000005,0,1,0,0,0,0,1,1,0,0,0,1,0,0,0
CUST100712,460630.99,212657.63,691.66,44,49.93,2019-07-08,0,35.0,Graduate,4,5.2,4.8,2026-01-01,2019,7,8,0,0.4616659204800789,7.333333333333333,0.4993,1,0,0,0,1,0,0,0,1,0,0,0,0,1,0
CUST100713,874324.46,487514.45,581.42,42,31.76,2019-10-04,1,30.0,Graduate,2,6.0,6.2,2026-01-01,2019,10,4,4,0.5575898562874474,7.0,0.3176,0,1,0,1,0,0,0,1,0,0,0,0,1,0,0
CUST100714,886207.36,644530.34,657.3,41,22.32,2023-10-27,0,40.0,Primary,3,5.2,4.8,2026-01-01,2023,10,27,4,0.7272906647942983,6.833333333333333,0.2232,1,0,0,0,1,0,0,1,0,0,0,0,0,1,0
CUST100715,952433.13,381331.6,785.07,53,30.32,2024-11-20,0,36.0,Primary,1,6.0,6.2,2026-01-01,2024,11,20,2,0.40037624478686495,8.833333333333334,0.3032,0,1,0,1,0,0,0,1,0,0,1,0,0,0,0
CUST100716,767042.4,150641.86,637.14,42,69.03,2024-11-24,0,48.0,Graduate,2,4.7,5.1,2026-01-01,2024,11,24,6,0.1963931328959129,7.0,0.6903,0,1,0,0,0,1,0,0,1,0,0,0,1,0,0
CUST100717,209434.83,144973.38,659.31,35,78.58,2024-04-23,0,37.0,Graduate,1,4.7,5.1,2026-01-01,2024,4,23,1,0.6922123698336137,5.833333333333333,0.7857999999999999,1,0,0,0,0,1,0,1,0,0,0,0,1,0,0
CUST100718,251577.11,20000.0,644.79,28,13.27,2024-05-31,0,38.0,Secondary,4,4.7,5.1,2026-01-01,2024,5,31,4,0.07949848855486098,4.666666666666667,0.13269999999999998,0,1,0,0,0,1,0,1,0,0,0,1,0,0,0
CUST100719,601766.3,125583.33,674.34,38,59.09,2025-01-29,0,32.0,Graduate,1,6.0,6.2,2026-01-01,2025,1,29,2,0.20869119789526264,6.333333333333333,0.5909,1,0,0,1,0,0,0,1,0,0,0,0,0,0,1
CUST100720,686025.79,452280.11,642.1,48,39.47,2021-09-25,0,35.0,Secondary,0,4.7,5.1,2026-01-01,2021,9,25,5,0.6592756665897356,8.0,0.3947,0,1,0,0,0,1,0,1,0,0,0,0,0,1,0
CUST100721,1295288.12,402718.78,711.64,36,54.54,2020-12-22,0,39.0,Post-Graduate,1,4.9,4.4,2026-01-01,2020,12,22,1,0.31091057949330997,6.0,0.5454,0,1,0,0,0,0,1,1,0,0,0,0,0,0,1
CUST100722,678415.34,252651.4,679.985,44,26.87,2022-04-29,0,18.0,Post-Graduate,1,4.7,5.1,2026-01-01,2022,4,29,4,0.3724140435857479,7.333333333333333,0.2687,1,0,0,0,0,1,0,1,0,0,0,1,0,0,0
CUST100723,380011.01,96548.56,730.28,41,14.98,2023-08-21,0,21.0,Secondary,1,5.2,4.8,2026-01-01,2023,8,21,0,0.25406779661462964,6.833333333333333,0.14980000000000002,0,1,0,0,1,0,0,1,0,0,0,0,0,0,1
CUST100724,935576.58,813150.85,611.69,51,46.34,2025-03-22,0,44.0,Secondary,0,4.9,4.4,2026-01-01,2025,3,22,5,0.8691440843891154,8.5,0.46340000000000003,1,0,0,0,0,0,1,0,1,0,1,0,0,0,0
CUST100725,643861.69,527218.79,679.985,44,22.28,2023-09-04,0,38.0,Graduate,2,4.7,5.1,2026-01-01,2023,9,4,0,0.8188385769620803,7.333333333333333,0.2228,0,0,1,0,0,1,0,1,0,0,0,0,0,1,0
CUST100726,521048.03,269618.97,665.33,46,17.97,2024-12-21,0,34.0,Secondary,1,4.7,5.1,2026-01-01,2024,12,21,5,0.5174551182930295,7.666666666666667,0.1797,1,0,0,0,0,1,0,1,0,0,1,0,0,0,0
CUST100727,267452.69,111253.64,709.62,44,18.59,2021-11-26,0,36.0,Graduate,3,6.0,6.2,2026-01-01,2021,11,26,4,0.41597502720948515,7.333333333333333,0.1859,1,0,0,1,0,0,0,0,0,1,1,0,0,0,0
CUST100728,681179.07,198277.09,628.44,47,46.7,2024-11-10,1,40.0,Post-Graduate,2,4.7,5.1,2026-01-01,2024,11,10,6,0.2910792458728951,7.833333333333333,0.467,0,1,0,0,0,1,0,0,1,0,0,0,0,1,0
CUST100729,737172.72,171538.82,739.52,38,37.42,2024-10-23,0,30.0,Graduate,2,5.2,4.8,2026-01-01,2024,10,23,2,0.23269827456447387,6.333333333333333,0.37420000000000003,0,1,0,0,1,0,0,0,0,1,0,0,0,1,0
CUST100730,375813.08,123016.0,757.12,36,50.95,2025-02-08,0,27.0,Post-Graduate,2,4.7,5.1,2026-01-01,2025,2,8,5,0.327332939023836,6.0,0.5095000000000001,0,1,0,0,0,1,0,1,0,0,1,0,0,0,0
CUST100731,671944.56,512953.19,615.72,48,48.26,2020-12-17,0,38.0,Graduate,1,4.9,4.4,2026-01-01,2020,12,17,3,0.7633861787645099,8.0,0.4826,1,0,0,0,0,0,1,1,0,0,1,0,0,0,0
CUST100732,671944.56,487985.97,648.09,41,28.6,2020-04-03,0,25.0,Secondary,0,6.0,6.2,2026-01-01,2020,4,3,4,0.7262295121490379,6.833333333333333,0.28600000000000003,0,0,1,1,0,0,0,1,0,0,1,0,0,0,0
CUST100733,667723.58,165716.91,645.42,32,33.84,2023-08-29,0,40.0,Graduate,1,6.0,6.2,2026-01-01,2023,8,29,1,0.24818190485350242,5.333333333333333,0.33840000000000003,0,1,0,1,0,0,0,0,1,0,1,0,0,0,0
CUST100734,654204.46,106944.67,850.0,51,27.38,2020-09-18,0,18.0,Graduate,2,6.0,6.2,2026-01-01,2020,9,18,4,0.16347285373138545,8.5,0.2738,1,0,0,1,0,0,0,1,0,0,1,0,0,0,0
CUST100735,1093668.72,556682.79,652.06,44,31.64,2025-09-22,0,47.0,Graduate,0,5.2,4.8,2026-01-01,2025,9,22,0,0.5090049480431332,7.333333333333333,0.3164,0,1,0,0,1,0,0,1,0,0,1,0,0,0,0
CUST100736,795613.94,362838.09,789.05,33,22.0,2019-07-26,0,41.0,Secondary,4,4.7,5.1,2026-01-01,2019,7,26,4,0.45604792947695216,5.5,0.22,1,0,0,0,0,1,0,1,0,0,0,0,1,0,0
CUST100737,441744.59,164620.09,597.67,42,42.22,2022-09-18,0,39.0,Secondary,1,4.9,4.4,2026-01-01,2022,9,18,6,0.3726589837806502,7.0,0.42219999999999996,0,1,0,0,0,0,1,1,0,0,0,1,0,0,0
CUST100738,583045.84,290745.82,615.67,41,58.64,2020-11-03,0,47.0,Post-Graduate,3,5.2,4.8,2026-01-01,2020,11,3,1,0.49866717169270947,6.833333333333333,0.5864,0,0,1,0,1,0,0,1,0,0,0,0,0,0,1
CUST100738,583045.84,290745.82,615.67,41,58.64,2020-11-03,0,47.0,Post-Graduate,5,5.2,4.8,2026-01-01,2020,11,3,1,0.49866717169270947,6.833333333333333,0.5864,0,0,1,0,1,0,0,1,0,0,0,0,0,0,1
CUST100739,882924.36,592097.11,679.985,37,23.65,2024-05-31,0,54.0,Secondary,3,4.7,5.1,2026-01-01,2024,5,31,4,0.6706090995156142,6.166666666666667,0.2365,1,0,0,0,0,1,0,1,0,0,0,0,0,1,0
CUST100740,212553.95,87567.82,625.03,37,64.74,2024-04-23,0,47.0,Post-Graduate,1,4.7,5.1,2026-01-01,2024,4,23,1,0.41197926455848033,6.166666666666667,0.6474,0,1,0,0,0,1,0,1,0,0,0,1,0,0,0
CUST100741,389410.1,147667.79,662.59,42,36.96,2019-09-30,0,36.0,Post-Graduate,1,4.7,5.1,2026-01-01,2019,9,30,0,0.3792089367995335,7.0,0.3696,0,1,0,0,0,1,0,1,0,0,1,0,0,0,0
CUST100741,389410.1,147667.79,662.59,42,36.96,2019-09-30,0,36.0,Post-Graduate,1,4.7,5.1,2026-01-01,2019,9,30,0,0.3792089367995335,7.0,0.3696,0,1,0,0,0,1,0,1,0,0,1,0,0,0,0
CUST100742,945910.62,359354.46,633.93,37,39.29,2025-08-23,1,36.0,Graduate,0,4.9,4.4,2026-01-01,2025,8,23,5,0.3799031878931648,6.166666666666667,0.39289999999999997,1,0,0,0,0,0,1,0,0,1,0,1,0,0,0
CUST100743,1263770.57,179561.5,626.74,36,15.48,2021-11-15,0,36.0,Graduate,2,5.2,4.8,2026-01-01,2021,11,15,0,0.14208393854273724,6.0,0.1548,0,1,0,0,1,0,0,0,1,0,0,0,0,1,0
CUST100744,1139732.85,692438.93,755.3,57,14.7,2024-02-21,0,36.0,Graduate,2,6.0,6.2,2026-01-01,2024,2,21,2,0.607544943536549,9.5,0.147,0,1,0,1,0,0,0,0,1,0,0,0,0,1,0
CUST100745,1062397.78,256939.61,759.55,41,37.51,2019-04-01,1,42.0,Post-Graduate,3,5.2,4.8,2026-01-01,2019,4,1,0,0.2418487828541961,6.833333333333333,0.3751,1,0,0,0,1,0,0,0,1,0,1,0,0,0,0
CUST100746,698078.45,442533.99,741.7,45,51.13,2020-04-20,0,28.0,Secondary,0,4.9,4.4,2026-01-01,2020,4,20,0,0.6339316018135212,7.5,0.5113,1,0,0,0,0,0,1,1,0,0,0,0,0,0,1
CUST100747,369102.91,318479.72,714.06,46,25.36,2024-08-08,0,38.0,Graduate,1,5.2,4.8,2026-01-01,2024,8,8,3,0.8628480333574179,7.666666666666667,0.2536,1,0,0,0,1,0,0,1,0,0,0,0,1,0,0
CUST100748,583374.59,497531.85,679.985,51,78.02,2020-12-26,0,28.0,Graduate,2,4.7,5.1,2026-01-01,2020,12,26,5,0.8528514243309775,8.5,0.7802,0,1,0,0,0,1,0,1,0,0,0,0,1,0,0
CUST100749,217168.68,232964.76,647.69,51,49.81,2022-04-26,0,29.0,Graduate,1,4.9,4.4,2026-01-01,2022,4,26,1,1.072736455367321,8.5,0.49810000000000004,1,0,0,0,0,0,1,1,0,0,0,1,0,0,0
CUST100750,1329200.9,227602.07,618.04,37,22.63,2020-06-17,1,21.0,Graduate,3,6.0,6.2,2026-01-01,2020,6,17,2,0.17123225691466204,6.166666666666667,0.2263,1,0,0,1,0,0,0,1,0,0,0,1,0,0,0
CUST100751,414702.05,375163.05,703.59,43,35.52,2019-03-26,0,26.0,Secondary,2,4.7,5.1,2026-01-01,2019,3,26,1,0.9046568494175518,7.166666666666667,0.3552,0,1,0,0,0,1,0,1,0,0,0,0,0,1,0
CUST100752,671944.56,262887.27,603.71,56,114.92,2021-04-20,0,21.0,Graduate,2,4.7,5.1,2026-01-01,2021,4,20,1,0.39123357141249865,9.333333333333334,1.1492,1,0,0,0,0,1,0,1,0,0,0,1,0,0,0
CUST100753,1163528.92,730548.79,615.4,51,19.28,2019-03-18,0,25.0,Post-Graduate,0,4.7,5.1,2026-01-01,2019,3,18,0,0.6278733406987427,8.5,0.1928,1,0,0,0,0,1,0,1,0,0,0,1,0,0,0
CUST100754,267448.64,20000.0,754.94,45,45.1,2025-07-05,0,48.0,Secondary,1,4.7,5.1,2026-01-01,2025,7,5,5,0.07478071303709004,7.5,0.451,0,1,0,0,0,1,0,1,0,0,0,0,0,1,0
CUST100755,671944.56,238721.74,803.54,48,29.98,2025-08-27,0,26.0,Post-Graduate,2,5.2,4.8,2026-01-01,2025,8,27,2,0.3552699942983391,8.0,0.2998,0,1,0,0,1,0,0,1,0,0,0,0,0,1,0
CUST100756,753219.44,192796.94,705.56,65,49.14,2025-08-21,0,65.0,Graduate,1,4.7,5.1,2026-01-01,2025,8,21,3,0.25596383970121644,10.833333333333334,0.4914,1,0,0,0,0,1,0,0,1,0,1,0,0,0,0
CUST100757,865391.14,436959.95,751.92,34,64.31,2025-07-16,0,41.0,Post-Graduate,2,4.7,5.1,2026-01-01,2025,7,16,2,0.5049276908474011,5.666666666666667,0.6431,0,1,0,0,0,1,0,1,0,0,0,0,0,0,1
CUST100758,624865.81,84927.76,664.02,40,29.08,2022-04-15,0,38.0,Graduate,1,4.7,5.1,2026-01-01,2022,4,15,4,0.1359135971929717,6.666666666666667,0.2908,1,0,0,0,0,1,0,1,0,0,0,0,0,0,1
CUST100759,636176.89,389805.9,593.05,38,59.88,2025-10-07,0,27.0,Graduate,5,6.0,6.2,2026-01-01,2025,10,7,1,0.6127319400112129,6.333333333333333,0.5988,1,0,0,1,0,0,0,1,0,0,0,0,1,0,0
CUST100760,1305811.86,488251.84,719.79,37,101.65,2024-06-13,0,44.0,Primary,1,4.9,4.4,2026-01-01,2024,6,13,3,0.37390672803354685,6.166666666666667,1.0165,1,0,0,0,0,0,1,1,0,0,0,0,0,1,0
CUST100761,922370.98,250674.79,717.0,29,36.13,2025-01-30,0,30.0,Post-Graduate,2,6.0,6.2,2026-01-01,2025,1,30,3,0.27177219951130727,4.833333333333333,0.3613,0,1,0,1,0,0,0,1,0,0,1,0,0,0,0
CUST100762,856295.76,166104.76,684.66,47,51.01,2020-02-10,0,37.0,Primary,5,5.2,4.8,2026-01-01,2020,2,10,0,0.19398059380791516,7.833333333333333,0.5101,0,1,0,0,1,0,0,1,0,0,0,0,0,1,0
CUST100763,995831.37,430341.17,664.25,37,26.36,2024-10-30,0,64.0,Post-Graduate,2,5.2,4.8,2026-01-01,2024,10,30,2,0.4321426126594104,6.166666666666667,0.2636,1,0,0,0,1,0,0,1,0,0,1,0,0,0,0
CUST100764,550952.01,177412.92,742.54,32,35.33,2019-01-21,0,35.0,Post-Graduate,0,4.9,4.4,2026-01-01,2019,1,21,0,0.32201156685134885,5.333333333333333,0.3533,1,0,0,0,0,0,1,1,0,0,1,0,0,0,0
CUST100765,2147830.36,1051121.2,615.93,46,32.15,2020-02-02,0,49.0,Secondary,3,4.7,5.1,2026-01-01,2020,2,2,6,0.48938743933203366,7.666666666666667,0.3215,0,1,0,0,0,1,0,0,0,1,1,0,0,0,0
CUST100766,182697.18,142337.73,629.7,38,51.31,2025-07-05,0,28.0,Secondary,2,5.2,4.8,2026-01-01,2025,7,5,5,0.7790910073160408,6.333333333333333,0.5131,1,0,0,0,1,0,0,0,1,0,0,0,0,0,1
CUST100767,1449289.81,982815.3,614.47,44,62.4,2025-03-22,1,36.0,Graduate,1,6.0,6.2,2026-01-01,2025,3,22,5,0.6781357967320559,7.333333333333333,0.624,1,0,0,1,0,0,0,1,0,0,1,0,0,0,0
CUST100768,1067560.59,649090.12,685.52,49,33.21,2023-12-06,0,55.0,Secondary,0,6.0,6.2,2026-01-01,2023,12,6,2,0.6080124407739704,8.166666666666666,0.3321,0,1,0,1,0,0,0,1,0,0,1,0,0,0,0
CUST100769,745109.29,182012.73,609.29,39,73.08,2023-12-14,1,29.0,Post-Graduate,1,6.0,6.2,2026-01-01,2023,12,14,3,0.24427655438304896,6.5,0.7308,0,1,0,1,0,0,0,0,1,0,0,1,0,0,0
CUST100770,679249.35,211662.74,635.52,55,72.95,2021-06-12,1,56.0,Secondary,3,4.7,5.1,2026-01-01,2021,6,12,5,0.3116127236632615,9.166666666666666,0.7295,1,0,0,0,0,1,0,1,0,0,0,0,0,0,1
CUST100771,596702.13,281804.02,679.985,38,52.55,2024-04-28,0,44.0,Secondary,2,5.2,4.8,2026-01-01,2024,4,28,6,0.4722691705491315,6.333333333333333,0.5255,0,1,0,0,1,0,0,1,0,0,0,0,0,1,0
CUST100772,1192570.49,977839.16,663.06,42,27.32,2020-03-13,0,30.0,Post-Graduate,1,4.9,4.4,2026-01-01,2020,3,13,4,0.8199424421444472,7.0,0.2732,0,1,0,0,0,0,1,1,0,0,0,0,0,0,1
CUST100773,635903.55,580033.25,583.32,38,26.09,2022-07-19,0,43.0,Graduate,2,4.7,5.1,2026-01-01,2022,7,19,1,0.9121402923446488,6.333333333333333,0.2609,0,1,0,0,0,1,0,0,1,0,0,1,0,0,0
CUST100774,435561.39,100432.81,685.67,45,23.7,2022-07-27,0,47.0,Post-Graduate,2,6.0,6.2,2026-01-01,2022,7,27,2,0.23058244441730705,7.5,0.237,0,1,0,1,0,0,0,1,0,0,0,0,0,1,0
CUST100775,1067487.41,154437.29,761.07,33,55.2,2019-08-11,0,43.0,Secondary,1,6.0,6.2,2026-01-01,2019,8,11,6,0.14467364069427294,5.5,0.552,1,0,0,1,0,0,0,1,0,0,1,0,0,0,0
CUST100776,1554009.73,1193881.71,679.985,39,19.56,2023-05-30,0,19.0,Graduate,3,6.0,6.2,2026-01-01,2023,5,30,1,0.7682588383793453,6.5,0.1956,1,0,0,1,0,0,0,0,1,0,0,0,0,1,0
CUST100777,225209.11,208912.66,780.19,53,48.44,2024-05-14,0,28.0,Graduate,0,4.7,5.1,2026-01-01,2024,5,14,1,0.9276385844249374,8.833333333333334,0.4844,1,0,0,0,0,1,0,1,0,0,1,0,0,0,0
CUST100778,2376473.32,1716792.51,766.71,49,20.83,2020-05-23,0,33.0,Graduate,1,4.7,5.1,2026-01-01,2020,5,23,5,0.7224118594354765,8.166666666666666,0.20829999999999999,1,0,0,0,0,1,0,1,0,0,0,1,0,0,0
CUST100779,367517.21,173231.83,730.55,42,51.97,2021-12-01,0,35.0,Graduate,3,6.0,6.2,2026-01-01,2021,12,1,2,0.47135705563285046,7.0,0.5196999999999999,1,0,0,1,0,0,0,0,0,1,0,0,0,0,1
CUST100780,383296.3,199081.18,684.85,41,35.29,2022-04-14,0,43.0,Graduate,2,4.9,4.4,2026-01-01,2022,4,14,3,0.5193923865166452,6.833333333333333,0.3529,1,0,0,0,0,0,1,1,0,0,1,0,0,0,0
CUST100781,327760.45,54403.96,681.46,46,66.39,2022-06-22,0,38.0,Graduate,1,4.9,4.4,2026-01-01,2022,6,22,2,0.1659869578529075,7.666666666666667,0.6639,0,1,0,0,0,0,1,1,0,0,1,0,0,0,0
CUST100782,650303.61,269672.69,679.985,39,60.54,2022-06-30,0,21.0,Secondary,0,5.2,4.8,2026-01-01,2022,6,30,3,0.4146873642605183,6.5,0.6053999999999999,0,1,0,0,1,0,0,1,0,0,0,1,0,0,0
CUST100783,321541.72,109861.0,654.54,41,69.7,2022-07-21,1,40.0,Graduate,2,5.2,4.8,2026-01-01,2022,7,21,3,0.3416695040382318,6.833333333333333,0.6970000000000001,0,0,1,0,1,0,0,1,0,0,0,0,0,1,0
CUST100784,343755.05,168121.21,557.64,46,70.57,2020-08-26,1,43.0,Secondary,1,4.9,4.4,2026-01-01,2020,8,26,2,0.489072698713808,7.666666666666667,0.7056999999999999,1,0,0,0,0,0,1,1,0,0,1,0,0,0,0
CUST100785,445087.03,159747.77,711.98,37,37.5,2021-10-31,0,42.0,Graduate,1,4.9,4.4,2026-01-01,2021,10,31,6,0.3589135589954171,6.166666666666667,0.375,0,1,0,0,0,0,1,1,0,0,0,0,0,1,0
CUST100786,701431.32,194037.92,606.48,47,20.07,2025-01-08,0,48.0,Secondary,2,4.9,4.4,2026-01-01,2025,1,8,2,0.2766313885156996,7.833333333333333,0.2007,0,1,0,0,0,0,1,1,0,0,0,1,0,0,0
CUST100787,739623.92,227400.17,617.46,40,21.12,2019-07-08,0,45.0,Graduate,1,5.2,4.8,2026-01-01,2019,7,8,0,0.3074537800237721,6.666666666666667,0.2112,0,1,0,0,1,0,0,0,1,0,0,0,1,0,0
CUST100788,1286435.98,511007.89,680.01,42,12.85,2020-11-06,1,41.0,Graduate,4,6.0,6.2,2026-01-01,2020,11,6,4,0.39722761019168634,7.0,0.1285,1,0,0,1,0,0,0,1,0,0,0,0,1,0,0
CUST100789,1270231.17,273167.41,673.82,36,20.8,2020-09-29,0,35.0,Secondary,3,6.0,6.2,2026-01-01,2020,9,29,1,0.21505330403756348,6.0,0.20800000000000002,1,0,0,1,0,0,0,1,0,0,0,0,0,1,0
CUST100790,1141968.25,543289.95,679.985,45,36.18,2025-03-08,0,18.0,Primary,2,6.0,6.2,2026-01-01,2025,3,8,5,0.4757487346955574,7.5,0.3618,1,0,0,1,0,0,0,1,0,0,0,0,0,1,0
CUST100791,562889.26,380076.12,320.0,40,26.75,2024-06-19,1,41.0,Secondary,4,4.7,5.1,2026-01-01,2024,6,19,2,0.6752236132556517,6.666666666666667,0.2675,0,1,0,0,0,1,0,0,1,0,0,0,0,1,0
CUST100792,236115.81,228319.86,742.8,43,32.1,2024-01-19,0,38.0,Graduate,3,5.2,4.8,2026-01-01,2024,1,19,4,0.9669825159103068,7.166666666666667,0.321,1,0,0,0,1,0,0,1,0,0,0,0,0,0,1
CUST100793,233259.0,36963.8,606.66,62,44.34,2025-07-14,0,39.0,Post-Graduate,1,6.0,6.2,2026-01-01,2025,7,14,0,0.1584667686991713,10.333333333333334,0.4434,1,0,0,1,0,0,0,1,0,0,0,0,0,1,0
CUST100794,671944.56,465239.9,762.71,52,30.25,2019-02-16,0,22.0,Primary,1,4.7,5.1,2026-01-01,2019,2,16,5,0.6923784009799856,8.666666666666666,0.3025,0,1,0,0,0,1,0,1,0,0,0,0,0,0,1
CUST100795,1033842.09,49296.54,578.59,37,20.43,2021-03-30,0,24.0,Graduate,2,4.7,5.1,2026-01-01,2021,3,30,1,0.04768285261049877,6.166666666666667,0.2043,1,0,0,0,0,1,0,1,0,0,0,0,0,1,0
CUST100796,463026.79,215988.53,817.63,41,34.12,2021-12-16,0,48.0,Secondary,2,4.9,4.4,2026-01-01,2021,12,16,3,0.4664709141343636,6.833333333333333,0.34119999999999995,0,0,1,0,0,0,1,1,0,0,0,0,0,1,0
CUST100797,294290.51,39959.21,653.27,40,22.74,2022-07-01,0,36.0,Graduate,2,4.7,5.1,2026-01-01,2022,7,1,4,0.1357815105896551,6.666666666666667,0.2274,0,1,0,0,0,1,0,0,1,0,0,0,1,0,0
CUST100798,365417.05,279899.8,689.47,45,30.73,2025-01-26,0,43.0,Post-Graduate,1,4.9,4.4,2026-01-01,2025,1,26,6,0.7659735636309253,7.5,0.3073,1,0,0,0,0,0,1,1,0,0,0,0,0,1,0
CUST100799,715551.97,447410.63,557.02,45,66.68,2022-03-15,1,36.0,Secondary,4,5.2,4.8,2026-01-01,2022,3,15,1,0.625266435923585,7.5,0.6668000000000001,0,1,0,0,1,0,0,1,0,0,0,0,1,0,0
CUST100800,716286.99,375978.93,675.96,40,30.74,2021-11-22,0,36.0,Graduate,1,6.0,6.2,2026-01-01,2021,11,22,0,0.5248998449629806,6.666666666666667,0.3074,1,0,0,1,0,0,0,1,0,0,0,0,0,0,1
CUST100801,1153279.11,132150.61,694.85,43,81.89,2023-03-19,0,46.0,Primary,0,4.9,4.4,2026-01-01,2023,3,19,6,0.11458684099463136,7.166666666666667,0.8189,1,0,0,0,0,0,1,0,1,0,0,0,0,1,0
CUST100802,507388.72,150784.63,674.4,42,69.58,2021-03-06,0,30.0,Secondary,1,5.2,4.8,2026-01-01,2021,3,6,5,0.29717773386842344,7.0,0.6958,1,0,0,0,1,0,0,1,0,0,1,0,0,0,0
CUST100803,671944.56,205234.37,643.4,46,26.5,2025-07-17,1,37.0,Secondary,6,5.2,4.8,2026-01-01,2025,7,17,3,0.3054334869531498,7.666666666666667,0.265,1,0,0,0,1,0,0,1,0,0,0,1,0,0,0
CUST100804,1207007.07,524414.87,618.47,39,20.53,2019-02-17,0,31.0,Primary,0,4.7,5.1,2026-01-01,2019,2,17,6,0.4344753920952592,6.5,0.2053,0,1,0,0,0,1,0,1,0,0,0,0,0,1,0
CUST100805,201980.3,95696.28,753.48,45,34.13,2025-08-08,0,31.0,Graduate,1,5.2,4.8,2026-01-01,2025,8,8,4,0.4737901666647688,7.5,0.34130000000000005,1,0,0,0,1,0,0,1,0,0,0,0,0,1,0
CUST100806,773999.7,447476.64,682.0,37,60.88,2022-11-22,0,33.0,Graduate,3,4.9,4.4,2026-01-01,2022,11,22,1,0.578135417881945,6.166666666666667,0.6088,1,0,0,0,0,0,1,1,0,0,0,0,0,0,1
CUST100807,540852.47,394159.45,780.15,50,27.66,2022-05-03,0,38.0,Graduate,1,4.9,4.4,2026-01-01,2022,5,3,1,0.7287744290046415,8.333333333333334,0.2766,0,1,0,0,0,0,1,1,0,0,0,0,0,1,0
CUST100808,961976.71,426714.52,840.0,33,54.12,2023-10-27,0,31.0,Secondary,1,4.7,5.1,2026-01-01,2023,10,27,4,0.4435809261951883,5.5,0.5412,1,0,0,0,0,1,0,1,0,0,0,0,0,0,1
CUST100809,861698.98,366146.22,651.74,45,62.51,2020-12-25,0,50.0,Secondary,1,4.7,5.1,2026-01-01,2020,12,25,4,0.42491198028341637,7.5,0.6251,1,0,0,0,0,1,0,1,0,0,0,0,1,0,0
CUST100810,443191.55,218625.45,733.01,50,24.14,2022-09-06,0,36.0,Graduate,0,4.7,5.1,2026-01-01,2022,9,6,1,0.493297875376911,8.333333333333334,0.2414,0,1,0,0,0,1,0,1,0,0,0,0,0,1,0
CUST100811,491734.13,223618.1,574.51,41,25.3,2023-12-23,0,34.0,Post-Graduate,1,4.9,4.4,2026-01-01,2023,12,23,5,0.4547540761508663,6.833333333333333,0.253,1,0,0,0,0,0,1,1,0,0,0,0,1,0,0
CUST100812,183256.33,153798.53,601.12,40,49.28,2019-05-18,0,31.0,Primary,1,5.2,4.8,2026-01-01,2019,5,18,5,0.8392535744877135,6.666666666666667,0.4928,1,0,0,0,1,0,0,1,0,0,1,0,0,0,0
CUST100813,981878.61,342367.38,751.34,52,37.65,2019-12-21,0,52.0,Post-Graduate,2,6.0,6.2,2026-01-01,2019,12,21,5,0.34868605600849173,8.666666666666666,0.3765,0,1,0,1,0,0,0,0,1,0,1,0,0,0,0
CUST100814,741628.14,568056.07,603.82,50,25.18,2024-02-12,1,36.0,Graduate,2,6.0,6.2,2026-01-01,2024,2,12,0,0.7659580851395417,8.333333333333334,0.2518,1,0,0,1,0,0,0,0,0,1,0,0,1,0,0
CUST100815,1402699.9,462050.82,679.985,36,29.56,2021-12-29,0,47.0,Graduate,0,6.0,6.2,2026-01-01,2021,12,29,2,0.32940105007493053,6.0,0.2956,0,1,0,1,0,0,0,0,0,1,0,0,0,0,1
CUST100816,671944.56,158612.61,801.45,40,33.84,2021-03-21,0,20.0,Graduate,1,4.7,5.1,2026-01-01,2021,3,21,6,0.23605014377971892,6.666666666666667,0.33840000000000003,0,1,0,0,0,1,0,0,1,0,0,0,0,1,0
CUST100817,1074764.6,175926.09,589.4,40,16.51,2023-05-25,1,39.0,Primary,2,6.0,6.2,2026-01-01,2023,5,25,3,0.16368802061400234,6.666666666666667,0.16510000000000002,1,0,0,1,0,0,0,1,0,0,0,0,0,0,1
CUST100818,360868.29,46544.39,691.97,29,50.54,2023-10-10,0,46.0,Secondary,0,5.2,4.8,2026-01-01,2023,10,10,1,0.12897888589767753,4.833333333333333,0.5054,1,0,0,0,1,0,0,0,1,0,1,0,0,0,0
CUST100819,146839.18,93071.77,684.49,47,27.82,2019-02-28,0,37.0,Graduate,1,5.2,4.8,2026-01-01,2019,2,28,3,0.6338347163202628,7.833333333333333,0.2782,1,0,0,0,1,0,0,1,0,0,1,0,0,0,0
CUST100820,617074.46,207068.33,497.31,46,9.2,2021-02-09,1,48.0,Secondary,4,4.9,4.4,2026-01-01,2021,2,9,1,0.3355645767611254,7.666666666666667,0.092,0,1,0,0,0,0,1,1,0,0,1,0,0,0,0
CUST100821,475942.67,70972.53,662.62,34,34.6,2020-01-24,0,30.0,Post-Graduate,0,4.9,4.4,2026-01-01,2020,1,24,4,0.14911991395938506,5.666666666666667,0.34600000000000003,0,1,0,0,0,0,1,1,0,0,0,0,1,0,0
CUST100822,364680.12,143466.73,709.15,47,24.52,2019-12-05,0,52.0,Graduate,0,5.2,4.8,2026-01-01,2019,12,5,3,0.39340430731458575,7.833333333333333,0.2452,1,0,0,0,1,0,0,1,0,0,1,0,0,0,0
CUST100823,1065213.29,757583.59,703.03,40,78.73,2021-01-26,0,61.0,Secondary,1,4.7,5.1,2026-01-01,2021,1,26,1,0.7112036595037224,6.666666666666667,0.7873,0,1,0,0,0,1,0,0,1,0,0,0,1,0,0
CUST100824,1263332.1,299402.76,679.985,40,26.43,2020-08-18,0,32.0,Graduate,0,5.2,4.8,2026-01-01,2020,8,18,1,0.23699450049595033,6.666666666666667,0.2643,1,0,0,0,1,0,0,1,0,0,0,1,0,0,0
CUST100825,688802.14,245912.43,654.81,39,20.67,2020-03-11,0,31.0,Secondary,1,4.7,5.1,2026-01-01,2020,3,11,2,0.3570146138047713,6.5,0.20670000000000002,1,0,0,0,0,1,0,1,0,0,0,0,1,0,0
CUST100826,587917.64,331979.78,726.31,36,44.66,2023-01-13,0,52.0,Graduate,0,4.7,5.1,2026-01-01,2023,1,13,4,0.5646705548756795,6.0,0.44659999999999994,1,0,0,0,0,1,0,0,1,0,0,1,0,0,0
CUST100827,672809.32,1545746.65,635.19,33,25.49,2020-01-12,0,53.0,Graduate,2,5.2,4.8,2026-01-01,2020,1,12,6,2.297451304628182,5.5,0.25489999999999996,0,0,1,0,1,0,0,1,0,0,0,1,0,0,0
CUST100828,453893.65,323427.52,588.32,54,24.08,2024-06-05,0,30.0,Post-Graduate,3,4.7,5.1,2026-01-01,2024,6,5,2,0.7125623370144085,9.0,0.2408,0,1,0,0,0,1,0,1,0,0,0,1,0,0,0
CUST100829,885719.35,361324.87,595.65,54,44.7,2025-09-04,1,31.0,Graduate,2,4.9,4.4,2026-01-01,2025,9,4,3,0.4079451013461544,9.0,0.447,0,0,1,0,0,0,1,0,1,0,0,0,0,1,0
CUST100830,278750.68,147303.53,584.96,39,21.24,2025-12-03,0,33.0,Graduate,1,6.0,6.2,2026-01-01,2025,12,3,2,0.5284418678368785,6.5,0.21239999999999998,1,0,0,1,0,0,0,1,0,0,0,1,0,0,0
CUST100831,360243.21,207730.44,745.62,46,17.39,2019-04-24,0,21.0,Graduate,3,6.0,6.2,2026-01-01,2019,4,24,2,0.5766394320103909,7.666666666666667,0.1739,1,0,0,1,0,0,0,1,0,0,0,0,0,0,1
CUST100832,420640.58,191333.89,581.55,54,80.14,2021-02-12,1,26.0,Post-Graduate,4,5.2,4.8,2026-01-01,2021,2,12,4,0.45486312804152185,9.0,0.8014,1,0,0,0,1,0,0,1,0,0,0,1,0,0,0
CUST100833,875432.32,748372.25,697.81,46,46.22,2024-04-10,0,25.0,Secondary,0,4.9,4.4,2026-01-01,2024,4,10,2,0.854860202099918,7.666666666666667,0.4622,1,0,0,0,0,0,1,1,0,0,1,0,0,0,0
CUST100834,550376.69,280952.45,662.71,35,30.83,2025-01-28,0,28.0,Primary,0,4.9,4.4,2026-01-01,2025,1,28,1,0.5104730180342486,5.833333333333333,0.30829999999999996,0,1,0,0,0,0,1,0,1,0,0,0,0,1,0
CUST100835,1373595.56,1078907.6,673.33,42,34.94,2019-01-18,0,36.0,Secondary,4,4.9,4.4,2026-01-01,2019,1,18,4,0.7854623525428402,7.0,0.3494,0,1,0,0,0,0,1,1,0,0,0,1,0,0,0
CUST100836,1011098.59,523162.53,768.63,36,44.62,2019-08-23,0,39.0,Secondary,2,4.9,4.4,2026-01-01,2019,8,23,4,0.5174198986866355,6.0,0.4462,0,1,0,0,0,0,1,1,0,0,0,0,0,1,0
CUST100837,418372.05,306342.84,651.5,40,55.84,2022-08-26,0,53.0,Graduate,3,4.9,4.4,2026-01-01,2022,8,26,4,0.7322258740754791,6.666666666666667,0.5584,1,0,0,0,0,0,1,1,0,0,0,0,0,1,0
CUST100838,920924.95,560812.13,719.75,34,24.35,2023-08-20,0,25.0,Graduate,0,6.0,6.2,2026-01-01,2023,8,20,6,0.6089661595116953,5.666666666666667,0.24350000000000002,1,0,0,1,0,0,0,1,0,0,0,0,1,0,0
CUST100839,519287.92,288695.23,682.44,45,41.72,2019-10-08,0,47.0,Graduate,2,5.2,4.8,2026-01-01,2019,10,8,1,0.5559444363735633,7.5,0.4172,1,0,0,0,1,0,0,0,0,1,0,0,1,0,0
CUST100840,843214.72,421453.69,670.12,44,27.44,2021-04-10,0,34.0,Primary,3,6.0,6.2,2026-01-01,2021,4,10,5,0.4998177569765386,7.333333333333333,0.27440000000000003,1,0,0,1,0,0,0,1,0,0,0,0,0,1,0
CUST100841,1038411.12,656710.76,829.5,52,31.96,2022-02-12,0,35.0,Graduate,3,4.9,4.4,2026-01-01,2022,2,12,5,0.632418843896818,8.666666666666666,0.3196,1,0,0,0,0,0,1,1,0,0,0,0,1,0,0
CUST100842,1199986.27,684420.69,586.31,27,37.81,2023-08-23,0,43.0,Secondary,2,4.9,4.4,2026-01-01,2023,8,23,2,0.5703571008358287,4.5,0.37810000000000005,1,0,0,0,0,0,1,1,0,0,0,0,0,0,1
CUST100843,726387.94,540200.16,763.79,30,34.89,2023-08-18,0,24.0,Graduate,1,6.0,6.2,2026-01-01,2023,8,18,4,0.7436799680347117,5.0,0.3489,0,1,0,1,0,0,0,0,1,0,0,0,0,1,0
CUST100844,1567191.42,1163243.77,722.67,40,49.82,2023-05-06,0,36.0,Graduate,0,5.2,4.8,2026-01-01,2023,5,6,5,0.7422474084244285,6.666666666666667,0.4982,1,0,0,0,1,0,0,0,0,1,0,0,0,1,0
CUST100845,828564.98,696640.68,648.83,35,44.22,2020-02-22,0,38.0,Secondary,1,4.7,5.1,2026-01-01,2020,2,22,5,0.8407797780688245,5.833333333333333,0.4422,1,0,0,0,0,1,0,1,0,0,1,0,0,0,0
CUST100846,700119.51,461770.3,785.91,39,16.97,2025-05-20,0,41.0,Secondary,4,4.9,4.4,2026-01-01,2025,5,20,1,0.6595592515340702,6.5,0.1697,1,0,0,0,0,0,1,1,0,0,0,0,0,1,0
CUST100847,550369.27,1654642.02,559.87,41,18.24,2020-08-07,1,39.0,Secondary,2,6.0,6.2,2026-01-01,2020,8,7,4,3.006421524951784,6.833333333333333,0.18239999999999998,1,0,0,1,0,0,0,1,0,0,0,0,0,0,1
CUST100848,459322.42,131558.07,646.09,55,29.31,2022-09-13,0,63.0,Post-Graduate,5,6.0,6.2,2026-01-01,2022,9,13,1,0.2864176976164151,9.166666666666666,0.29309999999999997,0,1,0,1,0,0,0,0,1,0,0,0,1,0,0
CUST100849,818856.14,604555.58,601.45,32,84.19,2022-09-26,0,29.0,Post-Graduate,2,4.7,5.1,2026-01-01,2022,9,26,0,0.7382927848596214,5.333333333333333,0.8419,0,1,0,0,0,1,0,1,0,0,0,0,1,0,0
CUST100850,687037.63,190338.4,706.79,42,23.26,2025-03-18,0,30.0,Graduate,1,4.7,5.1,2026-01-01,2025,3,18,1,0.27704217598677966,7.0,0.23260000000000003,1,0,0,0,0,1,0,0,1,0,0,1,0,0,0
CUST100851,750264.97,304153.54,607.65,36,31.67,2024-08-18,0,29.0,Secondary,2,4.9,4.4,2026-01-01,2024,8,18,6,0.4053948300425115,6.0,0.31670000000000004,0,1,0,0,0,0,1,1,0,0,0,0,1,0,0
CUST100852,846730.59,213125.34,708.15,53,27.06,2024-04-16,0,30.0,Graduate,3,6.0,6.2,2026-01-01,2024,4,16,1,0.2517038388798496,8.833333333333334,0.2706,0,1,0,1,0,0,0,0,1,0,0,0,0,1,0
CUST100853,748523.93,511118.74,667.88,48,26.83,2021-04-11,0,36.0,Graduate,3,4.9,4.4,2026-01-01,2021,4,11,6,0.6828355374022578,8.0,0.2683,1,0,0,0,0,0,1,1,0,0,0,0,0,0,1
CUST100854,1967039.38,1419637.52,648.84,34,38.13,2025-08-19,0,49.0,Graduate,3,4.7,5.1,2026-01-01,2025,8,19,1,0.7217128108538428,5.666666666666667,0.38130000000000003,1,0,0,0,0,1,0,1,0,0,0,0,1,0,0
CUST100855,486186.2,120178.15,705.26,43,68.56,2020-06-17,0,52.0,Secondary,1,6.0,6.2,2026-01-01,2020,6,17,2,0.2471854404752747,7.166666666666667,0.6856,0,1,0,1,0,0,0,1,0,0,0,0,0,1,0
CUST100856,824464.18,426158.29,662.54,45,43.56,2022-01-27,1,30.0,Primary,1,4.7,5.1,2026-01-01,2022,1,27,3,0.5168912129087281,7.5,0.43560000000000004,0,1,0,0,0,1,0,1,0,0,0,0,1,0,0
CUST100857,573490.34,269025.7,609.24,32,23.8,2023-09-02,0,27.0,Graduate,3,6.0,6.2,2026-01-01,2023,9,2,5,0.46910240894380195,5.333333333333333,0.23800000000000002,1,0,0,1,0,0,0,0,1,0,0,0,0,1,0
CUST100858,671944.56,177724.89,300.0,53,131.22,2022-11-06,1,41.0,Graduate,0,4.7,5.1,2026-01-01,2022,11,6,6,0.26449338320411436,8.833333333333334,1.3122,1,0,0,0,0,1,0,0,1,0,0,0,0,1,0
CUST100859,584386.34,230197.47,648.33,44,36.35,2024-03-01,0,30.0,Secondary,0,4.7,5.1,2026-01-01,2024,3,1,4,0.3939131602562784,7.333333333333333,0.3635,0,1,0,0,0,1,0,1,0,0,1,0,0,0,0
CUST100860,388346.89,56114.15,535.86,41,26.53,2020-03-22,1,43.0,Primary,3,6.0,6.2,2026-01-01,2020,3,22,6,0.14449491278274432,6.833333333333333,0.26530000000000004,0,1,0,1,0,0,0,1,0,0,1,0,0,0,0
CUST100861,626544.63,175468.94,625.26,39,68.93,2025-07-19,0,38.0,Graduate,3,4.9,4.4,2026-01-01,2025,7,19,5,0.2800581660080623,6.5,0.6893,0,1,0,0,0,0,1,1,0,0,0,0,1,0,0
CUST100862,640629.3,358563.12,597.63,42,27.94,2025-10-08,0,36.0,Post-Graduate,3,5.2,4.8,2026-01-01,2025,10,8,2,0.559704528032046,7.0,0.27940000000000004,0,1,0,0,1,0,0,0,1,0,0,0,0,1,0
CUST100863,803453.41,357827.01,679.985,43,77.75,2020-09-16,0,53.0,Post-Graduate,1,4.9,4.4,2026-01-01,2020,9,16,2,0.44536124378388037,7.166666666666667,0.7775,0,1,0,0,0,0,1,1,0,0,0,0,1,0,0
CUST100864,485594.4,248478.59,700.91,39,23.04,2024-02-07,0,56.0,Graduate,1,4.7,5.1,2026-01-01,2024,2,7,2,0.5116998672142842,6.5,0.2304,1,0,0,0,0,1,0,1,0,0,0,0,0,1,0
CUST100865,520178.1,338956.93,705.92,37,69.53,2025-06-11,0,29.0,Graduate,0,4.7,5.1,2026-01-01,2025,6,11,2,0.6516170711531301,6.166666666666667,0.6953,1,0,0,0,0,1,0,1,0,0,0,0,1,0,0
CUST100866,955613.81,111315.9,655.95,43,38.55,2025-01-04,0,32.0,Secondary,2,5.2,4.8,2026-01-01,2025,1,4,5,0.1164862822566367,7.166666666666667,0.38549999999999995,1,0,0,0,1,0,0,1,0,0,0,0,1,0,0
CUST100867,416543.2,161997.6,661.84,34,65.04,2021-01-01,0,39.0,Graduate,1,4.7,5.1,2026-01-01,2021,1,1,4,0.3889094816576048,5.666666666666667,0.6504000000000001,0,1,0,0,0,1,0,1,0,0,1,0,0,0,0
CUST100868,236470.44,126027.77,655.89,49,87.2,2025-11-06,0,40.0,Graduate,4,6.0,6.2,2026-01-01,2025,11,6,3,0.5329535903092159,8.166666666666666,0.872,1,0,0,1,0,0,0,1,0,0,0,0,0,0,1
CUST100869,708634.31,127719.9,674.72,54,20.32,2021-07-26,0,43.0,Graduate,2,5.2,4.8,2026-01-01,2021,7,26,0,0.18023386420564363,9.0,0.2032,0,1,0,0,1,0,0,1,0,0,0,0,0,0,1
CUST100870,1171381.59,359373.49,734.3,37,64.57,2024-09-11,0,58.0,Graduate,2,4.7,5.1,2026-01-01,2024,9,11,2,0.306794551893205,6.166666666666667,0.6456999999999999,0,0,1,0,0,1,0,0,0,1,0,0,0,0,1
CUST100871,949581.75,271383.46,701.84,40,17.8,2023-10-22,0,34.0,Secondary,0,4.9,4.4,2026-01-01,2023,10,22,6,0.28579262396312904,6.666666666666667,0.17800000000000002,1,0,0,0,0,0,1,1,0,0,0,0,0,0,1
CUST100872,715862.9,408855.7,712.51,38,21.17,2023-03-05,0,27.0,Secondary,2,5.2,4.8,2026-01-01,2023,3,5,6,0.57113687551066,6.333333333333333,0.21170000000000003,0,1,0,0,1,0,0,1,0,0,1,0,0,0,0
CUST100873,1293138.26,437090.12,712.47,37,23.8,2023-09-17,1,21.0,Secondary,2,4.9,4.4,2026-01-01,2023,9,17,6,0.3380072599506877,6.166666666666667,0.23800000000000002,1,0,0,0,0,0,1,1,0,0,0,0,0,0,1
CUST100874,1178599.14,777424.61,737.49,46,44.57,2022-05-01,0,28.0,Secondary,0,4.7,5.1,2026-01-01,2022,5,1,6,0.6596174930180249,7.666666666666667,0.4457,0,1,0,0,0,1,0,0,1,0,0,0,0,0,1
CUST100875,541839.25,271156.36,698.73,33,35.56,2022-04-18,0,36.0,Secondary,3,6.0,6.2,2026-01-01,2022,4,18,0,0.5004369100245137,5.5,0.3556,1,0,0,1,0,0,0,1,0,0,1,0,0,0,0
CUST100876,744795.22,225038.47,703.33,38,32.3,2024-03-05,0,56.0,Post-Graduate,5,4.7,5.1,2026-01-01,2024,3,5,1,0.30214811260469693,6.333333333333333,0.32299999999999995,0,1,0,0,0,1,0,1,0,0,0,0,0,1,0
CUST100877,762593.78,477298.9,757.27,42,37.55,2023-03-22,0,30.0,Graduate,0,5.2,4.8,2026-01-01,2023,3,22,2,0.6258887923266303,7.0,0.37549999999999994,0,1,0,0,1,0,0,1,0,0,0,0,0,1,0
CUST100878,619714.89,24694.77,636.77,33,46.49,2020-01-26,0,38.0,Graduate,1,5.2,4.8,2026-01-01,2020,1,26,6,0.03984859876450605,5.5,0.46490000000000004,1,0,0,0,1,0,0,1,0,0,1,0,0,0,0
CUST100879,1212947.38,826514.29,624.38,58,48.24,2025-08-01,0,36.0,Post-Graduate,0,5.2,4.8,2026-01-01,2025,8,1,4,0.6814098481337254,9.666666666666666,0.4824,0,1,0,0,1,0,0,1,0,0,0,0,1,0,0
CUST100880,597823.24,488732.34,602.92,38,59.18,2025-11-16,0,49.0,Post-Graduate,3,5.2,4.8,2026-01-01,2025,11,16,6,0.8175198073597808,6.333333333333333,0.5918,1,0,0,0,1,0,0,0,1,0,1,0,0,0,0
CUST100881,493646.15,74572.58,691.89,33,83.84,2019-04-09,0,64.0,Graduate,1,6.0,6.2,2026-01-01,2019,4,9,1,0.15106484675308415,5.5,0.8384,0,1,0,1,0,0,0,0,1,0,0,1,0,0,0
CUST100882,156276.16,91513.28,559.51,45,34.64,2025-01-04,0,30.0,Post-Graduate,1,4.9,4.4,2026-01-01,2025,1,4,5,0.5855869506903676,7.5,0.3464,1,0,0,0,0,0,1,1,0,0,0,1,0,0,0
CUST100883,419014.38,295637.78,710.04,43,27.25,2020-07-23,0,31.0,Secondary,1,4.9,4.4,2026-01-01,2020,7,23,3,0.70555521268745,7.166666666666667,0.2725,1,0,0,0,0,0,1,1,0,0,1,0,0,0,0
CUST100884,315289.89,203659.43,672.9,48,46.99,2020-12-27,0,47.0,Secondary,2,6.0,6.2,2026-01-01,2020,12,27,6,0.6459434205137373,8.0,0.46990000000000004,1,0,0,1,0,0,0,0,1,0,0,0,0,0,1
CUST100885,635717.63,400852.71,753.75,30,20.21,2021-09-28,0,44.0,Graduate,0,5.2,4.8,2026-01-01,2021,9,28,1,0.6305515075930803,5.0,0.2021,1,0,0,0,1,0,0,1,0,0,0,0,0,1,0
CUST100886,326178.01,133728.93,636.33,37,25.27,2023-04-20,0,56.0,Graduate,3,4.7,5.1,2026-01-01,2023,4,20,3,0.4099875708972533,6.166666666666667,0.2527,0,1,0,0,0,1,0,0,1,0,0,0,0,0,1
CUST100887,908458.29,727618.13,666.78,35,56.55,2019-10-30,0,42.0,Graduate,1,4.7,5.1,2026-01-01,2019,10,30,2,0.8009373000492955,5.833333333333333,0.5655,0,1,0,0,0,1,0,1,0,0,1,0,0,0,0
CUST100888,1195850.64,191999.9,752.94,42,32.98,2024-08-13,0,32.0,Secondary,4,4.7,5.1,2026-01-01,2024,8,13,1,0.16055508403624721,7.0,0.3298,0,1,0,0,0,1,0,0,0,1,0,1,0,0,0
CUST100889,638956.35,170748.86,769.9,46,19.6,2024-11-24,0,42.0,Secondary,1,6.0,6.2,2026-01-01,2024,11,24,6,0.2672308679614812,7.666666666666667,0.196,1,0,0,1,0,0,0,0,1,0,0,1,0,0,0
CUST100890,378328.41,124192.5,635.79,49,17.12,2024-10-23,0,48.0,Graduate,3,6.0,6.2,2026-01-01,2024,10,23,2,0.32826638633878963,8.166666666666666,0.17120000000000002,1,0,0,1,0,0,0,0,0,1,0,0,0,1,0
CUST100891,760892.87,226857.62,691.82,53,35.83,2021-11-29,1,36.0,Secondary,2,4.7,5.1,2026-01-01,2021,11,29,0,0.2981465971681401,8.833333333333334,0.3583,1,0,0,0,0,1,0,1,0,0,0,0,0,1,0
CUST100892,1841588.23,913552.22,699.14,49,60.55,2020-09-30,0,42.0,Graduate,1,4.7,5.1,2026-01-01,2020,9,30,2,0.4960675818393996,8.166666666666666,0.6054999999999999,1,0,0,0,0,1,0,1,0,0,0,0,1,0,0
CUST100893,1552057.44,1002346.32,704.29,35,60.16,2022-02-16,0,48.0,Graduate,3,4.9,4.4,2026-01-01,2022,2,16,2,0.6458177991144451,5.833333333333333,0.6015999999999999,1,0,0,0,0,0,1,0,0,1,0,0,0,1,0
CUST100894,299953.99,232907.76,662.93,43,36.91,2024-10-21,0,49.0,Graduate,1,4.9,4.4,2026-01-01,2024,10,21,0,0.7764782858864455,7.166666666666667,0.3691,1,0,0,0,0,0,1,1,0,0,0,0,0,1,0
CUST100895,293895.04,20000.0,763.29,35,91.8,2020-07-05,0,36.0,Graduate,3,4.7,5.1,2026-01-01,2020,7,5,6,0.0680515057348365,5.833333333333333,0.9179999999999999,0,1,0,0,0,1,0,1,0,0,1,0,0,0,0
CUST100896,255245.88,206626.47,557.17,43,33.28,2021-09-03,1,43.0,Post-Graduate,1,4.9,4.4,2026-01-01,2021,9,3,4,0.8095193152578996,7.166666666666667,0.3328,1,0,0,0,0,0,1,0,1,0,0,0,1,0,0
CUST100897,347802.11,387124.62,652.63,50,32.75,2019-04-06,0,34.0,Graduate,1,4.9,4.4,2026-01-01,2019,4,6,5,1.1130600099004575,8.333333333333334,0.3275,1,0,0,0,0,0,1,0,1,0,1,0,0,0,0
CUST100898,746464.62,81339.46,709.12,41,10.21,2022-04-06,0,38.0,Graduate,0,4.7,5.1,2026-01-01,2022,4,6,2,0.1089662628618621,6.833333333333333,0.10210000000000001,1,0,0,0,0,1,0,0,1,0,0,0,0,1,0
CUST100899,478564.27,240022.37,709.72,40,28.24,2025-05-13,0,49.0,Graduate,2,4.7,5.1,2026-01-01,2025,5,13,1,0.5015467828385934,6.666666666666667,0.2824,1,0,0,0,0,1,0,1,0,0,1,0,0,0,0
CUST100900,409814.18,293241.11,767.93,45,52.68,2025-04-25,0,27.0,Secondary,5,6.0,6.2,2026-01-01,2025,4,25,4,0.7155465191565602,7.5,0.5268,0,1,0,1,0,0,0,0,1,0,0,0,0,0,1
CUST100901,1151110.88,595061.66,757.88,42,74.15,2019-02-15,0,40.0,Primary,4,4.9,4.4,2026-01-01,2019,2,15,4,0.5169455613172557,7.0,0.7415,0,1,0,0,0,0,1,0,1,0,0,0,1,0,0
CUST100902,870026.42,577581.08,661.44,51,23.5,2019-12-12,0,32.0,Secondary,1,4.9,4.4,2026-01-01,2019,12,12,3,0.6638661386857654,8.5,0.235,1,0,0,0,0,0,1,1,0,0,0,0,0,0,1
CUST100903,254521.65,161697.11,764.49,44,43.69,2021-04-26,0,36.0,Graduate,1,5.2,4.8,2026-01-01,2021,4,26,0,0.6352980581416158,7.333333333333333,0.43689999999999996,1,0,0,0,1,0,0,1,0,0,1,0,0,0,0
CUST100904,1115347.1,566400.73,633.59,38,57.85,2021-12-12,0,50.0,Graduate,2,4.7,5.1,2026-01-01,2021,12,12,6,0.5078246314532937,6.333333333333333,0.5785,0,1,0,0,0,1,0,1,0,0,1,0,0,0,0
CUST100905,858589.96,255203.77,740.51,42,35.19,2022-03-17,0,38.0,Post-Graduate,2,6.0,6.2,2026-01-01,2022,3,17,3,0.2972359122391788,7.0,0.3519,0,0,1,1,0,0,0,1,0,0,1,0,0,0,0
CUST100906,869151.24,471058.08,797.68,35,11.7,2023-04-06,0,36.0,Secondary,0,6.0,6.2,2026-01-01,2023,4,6,3,0.5419748121167036,5.833333333333333,0.11699999999999999,0,1,0,1,0,0,0,0,0,1,0,0,0,1,0
CUST100907,474951.0,20000.0,758.97,39,39.41,2019-08-21,0,21.0,Secondary,3,5.2,4.8,2026-01-01,2019,8,21,2,0.04210960709631099,6.5,0.39409999999999995,0,1,0,0,1,0,0,1,0,0,0,1,0,0,0
CUST100908,586372.39,224869.1,686.88,39,50.44,2019-02-20,0,44.0,Post-Graduate,1,4.9,4.4,2026-01-01,2019,2,20,2,0.3834919648928218,6.5,0.5044,0,1,0,0,0,0,1,0,1,0,0,0,0,1,0
CUST100909,219636.85,128506.4,658.43,46,22.21,2020-10-26,0,43.0,Secondary,4,6.0,6.2,2026-01-01,2020,10,26,0,0.585085790476416,7.666666666666667,0.22210000000000002,1,0,0,1,0,0,0,0,0,1,0,0,0,1,0
CUST100910,1047136.98,496453.29,580.64,42,30.98,2020-03-26,0,36.0,Graduate,4,4.9,4.4,2026-01-01,2020,3,26,3,0.4741053935465062,7.0,0.3098,1,0,0,0,0,0,1,1,0,0,0,0,0,1,0
CUST100911,375238.76,351589.17,700.19,46,20.1,2022-09-24,0,33.0,Graduate,1,4.9,4.4,2026-01-01,2022,9,24,5,0.9369745545476165,7.666666666666667,0.201,0,1,0,0,0,0,1,0,1,0,0,0,0,0,1
CUST100912,402673.64,211856.77,300.0,43,10.19,2019-12-17,1,38.0,Graduate,1,4.9,4.4,2026-01-01,2019,12,17,1,0.5261252512083979,7.166666666666667,0.10189999999999999,1,0,0,0,0,0,1,1,0,0,0,0,0,1,0
CUST100913,399692.16,255686.04,628.45,50,57.3,2022-08-01,0,39.0,Secondary,1,4.7,5.1,2026-01-01,2022,8,1,0,0.6397074188295313,8.333333333333334,0.573,0,1,0,0,0,1,0,0,1,0,0,0,0,0,1
CUST100914,671944.56,1089973.53,602.6,57,34.94,2020-08-05,1,53.0,Primary,2,6.0,6.2,2026-01-01,2020,8,5,2,1.62211824439802,9.5,0.3494,1,0,0,1,0,0,0,1,0,0,0,0,1,0,0
CUST100915,449971.9,383470.05,650.07,48,75.36,2019-09-02,0,35.0,Secondary,3,5.2,4.8,2026-01-01,2019,9,2,0,0.8522088823768772,8.0,0.7536,1,0,0,0,1,0,0,0,0,1,0,0,0,1,0
CUST100916,671944.56,804999.12,678.18,38,52.82,2020-07-03,1,39.0,Graduate,3,6.0,6.2,2026-01-01,2020,7,3,4,1.1980141933138053,6.333333333333333,0.5282,1,0,0,1,0,0,0,1,0,0,0,0,1,0,0
CUST100917,671944.56,180632.14,697.78,34,29.53,2020-12-28,0,43.0,Graduate,1,5.2,4.8,2026-01-01,2020,12,28,0,0.2688200050313675,5.666666666666667,0.2953,0,1,0,0,1,0,0,1,0,0,0,0,0,1,0
CUST100918,411974.73,390171.36,640.97,50,33.63,2020-09-30,0,38.0,Secondary,2,6.0,6.2,2026-01-01,2020,9,30,2,0.9470759529352686,8.333333333333334,0.33630000000000004,0,0,1,1,0,0,0,0,1,0,0,0,0,0,1
CUST100919,372878.39,137149.97,679.985,34,45.93,2020-08-06,0,31.0,Graduate,1,5.2,4.8,2026-01-01,2020,8,6,3,0.3678142088094727,5.666666666666667,0.4593,1,0,0,0,1,0,0,1,0,0,1,0,0,0,0
CUST100920,459942.52,20000.0,666.47,35,55.67,2025-03-23,1,38.0,Post-Graduate,5,5.2,4.8,2026-01-01,2025,3,23,6,0.0434836944407749,5.833333333333333,0.5567,0,1,0,0,1,0,0,1,0,0,0,0,0,1,0
CUST100921,623917.78,398823.5,628.8,45,40.86,2020-03-16,0,48.0,Primary,2,5.2,4.8,2026-01-01,2020,3,16,0,0.6392244503754966,7.5,0.4086,1,0,0,0,1,0,0,1,0,0,0,0,0,0,1
CUST100922,904993.51,596958.94,694.71,26,59.5,2023-01-07,0,25.0,Graduate,2,5.2,4.8,2026-01-01,2023,1,7,5,0.6596278684915652,4.333333333333333,0.595,0,1,0,0,1,0,0,0,1,0,1,0,0,0,0
CUST100923,501662.18,229807.72,840.0,40,30.35,2023-12-25,0,37.0,Graduate,1,6.0,6.2,2026-01-01,2023,12,25,0,0.4580925753661558,6.666666666666667,0.3035,1,0,0,1,0,0,0,1,0,0,0,0,0,1,0
CUST100924,491442.97,250394.4,701.79,53,21.69,2020-02-16,0,28.0,Secondary,0,4.9,4.4,2026-01-01,2020,2,16,6,0.509508560067509,8.833333333333334,0.2169,0,1,0,0,0,0,1,1,0,0,1,0,0,0,0
CUST100925,400349.15,247771.42,656.41,27,33.93,2021-03-24,0,49.0,Secondary,2,6.0,6.2,2026-01-01,2021,3,24,2,0.6188883378421061,4.5,0.3393,1,0,0,1,0,0,0,1,0,0,1,0,0,0,0
CUST100926,337056.03,158934.44,580.72,40,38.62,2019-09-03,0,19.0,Graduate,4,5.2,4.8,2026-01-01,2019,9,3,1,0.47153715066305146,6.666666666666667,0.3862,1,0,0,0,1,0,0,1,0,0,0,0,0,1,0
CUST100927,321900.44,203622.0,665.74,44,19.66,2020-08-05,0,30.0,Post-Graduate,0,5.2,4.8,2026-01-01,2020,8,5,2,0.6325620430963064,7.333333333333333,0.1966,0,1,0,0,1,0,0,1,0,0,1,0,0,0,0
CUST100928,1119221.09,365907.76,695.27,46,18.43,2023-09-27,0,40.0,Post-Graduate,3,5.2,4.8,2026-01-01,2023,9,27,2,0.3269307228654885,7.666666666666667,0.1843,0,1,0,0,1,0,0,1,0,0,0,0,0,1,0
CUST100929,485952.49,91552.17,654.81,45,43.38,2025-12-22,0,53.0,Graduate,0,5.2,4.8,2026-01-01,2025,12,22,0,0.1883973678167592,7.5,0.4338,0,1,0,0,1,0,0,1,0,0,0,0,1,0,0
CUST100930,7452066.75,4946072.11,571.75,51,28.8,2021-09-08,0,35.0,Graduate,0,4.9,4.4,2026-01-01,2021,9,8,2,0.663718170533027,8.5,0.28800000000000003,0,1,0,0,0,0,1,1,0,0,0,0,0,1,0
CUST100931,450489.8,261407.33,624.71,48,32.32,2024-05-28,0,30.0,Graduate,0,4.7,5.1,2026-01-01,2024,5,28,1,0.5802735822209515,8.0,0.3232,0,1,0,0,0,1,0,1,0,0,0,0,0,0,1
CUST100932,546045.01,162224.99,679.985,57,29.45,2020-07-03,0,57.0,Graduate,7,4.7,5.1,2026-01-01,2020,7,3,4,0.297090875347437,9.5,0.2945,1,0,0,0,0,1,0,0,1,0,1,0,0,0,0
CUST100933,797166.18,295577.58,773.21,42,72.62,2024-12-04,0,20.0,Graduate,2,5.2,4.8,2026-01-01,2024,12,4,2,0.3707853988487068,7.0,0.7262000000000001,0,1,0,0,1,0,0,1,0,0,0,0,0,1,0
CUST100934,671944.56,31765.41,622.37,39,64.14,2022-10-19,0,18.0,Secondary,3,5.2,4.8,2026-01-01,2022,10,19,2,0.0472738554502175,6.5,0.6414,0,1,0,0,1,0,0,1,0,0,0,1,0,0,0
CUST100935,717935.19,508481.82,723.73,47,19.33,2024-04-21,0,41.0,Graduate,1,6.0,6.2,2026-01-01,2024,4,21,6,0.7082558803114248,7.833333333333333,0.19329999999999997,1,0,0,1,0,0,0,1,0,0,0,0,0,1,0
CUST100936,1417977.77,53219.18,603.39,47,27.1,2019-07-23,0,30.0,Graduate,1,6.0,6.2,2026-01-01,2019,7,23,1,0.03753174494406919,7.833333333333333,0.271,0,1,0,1,0,0,0,1,0,0,1,0,0,0,0
CUST100937,414120.57,67570.26,771.28,38,52.63,2019-12-17,0,25.0,Graduate,2,4.7,5.1,2026-01-01,2019,12,17,1,0.16316566936049565,6.333333333333333,0.5263,1,0,0,0,0,1,0,0,1,0,0,0,0,1,0
CUST100938,510435.77,117156.48,695.94,52,46.72,2019-11-15,0,44.0,Post-Graduate,1,5.2,4.8,2026-01-01,2019,11,15,4,0.2295224725336157,8.666666666666666,0.4672,1,0,0,0,1,0,0,1,0,0,1,0,0,0,0
CUST100939,924779.67,587591.6,741.73,49,34.31,2025-12-11,0,39.0,Primary,0,4.7,5.1,2026-01-01,2025,12,11,3,0.6353855075555456,8.166666666666666,0.3431,1,0,0,0,0,1,0,1,0,0,0,0,0,0,1
CUST100940,1481018.42,641193.27,568.52,36,20.27,2023-08-20,0,30.0,Secondary,1,5.2,4.8,2026-01-01,2023,8,20,6,0.4329407800343226,6.0,0.2027,1,0,0,0,1,0,0,1,0,0,1,0,0,0,0
CUST100941,328225.78,201187.43,724.05,40,25.22,2019-04-17,0,22.0,Primary,1,5.2,4.8,2026-01-01,2019,4,17,2,0.61295438158453,6.666666666666667,0.2522,1,0,0,0,1,0,0,0,1,0,0,0,0,1,0
CUST100942,12997966.64,10184062.58,679.5,41,27.31,2025-01-28,0,46.0,Graduate,0,4.9,4.4,2026-01-01,2025,1,28,1,0.7835119801476886,6.833333333333333,0.2731,0,1,0,0,0,0,1,1,0,0,0,1,0,0,0
CUST100943,649783.27,67454.78,735.38,40,39.98,2024-02-22,0,43.0,Graduate,2,6.0,6.2,2026-01-01,2024,2,22,3,0.10381119846314295,6.666666666666667,0.3998,0,1,0,1,0,0,0,1,0,0,0,0,1,0,0
CUST100944,613904.92,248779.11,739.47,30,79.29,2021-08-15,0,35.0,Secondary,3,6.0,6.2,2026-01-01,2021,8,15,6,0.40524045645374523,5.0,0.7929,0,1,0,1,0,0,0,1,0,0,0,0,1,0,0
CUST100945,955338.26,761724.97,684.28,44,25.17,2025-06-25,1,56.0,Graduate,2,4.7,5.1,2026-01-01,2025,6,25,2,0.7973353542859258,7.333333333333333,0.25170000000000003,1,0,0,0,0,1,0,0,0,1,1,0,0,0,0
CUST100946,878425.02,242279.09,640.95,42,21.39,2021-11-26,1,24.0,Graduate,6,4.7,5.1,2026-01-01,2021,11,26,4,0.2758107800709046,7.0,0.2139,0,1,0,0,0,1,0,1,0,0,0,0,1,0,0
CUST100947,637970.85,261699.81,730.68,43,33.22,2025-12-21,0,19.0,Graduate,2,6.0,6.2,2026-01-01,2025,12,21,6,0.4102065321636561,7.166666666666667,0.3322,1,0,0,1,0,0,0,1,0,0,0,1,0,0,0
CUST100948,1157526.33,110339.1,676.09,50,57.43,2025-05-01,0,28.0,Graduate,2,6.0,6.2,2026-01-01,2025,5,1,3,0.0953231880263147,8.333333333333334,0.5743,0,0,1,1,0,0,0,0,1,0,0,0,0,0,1
CUST100949,671944.56,260686.12,623.27,48,17.48,2023-08-19,1,35.0,Graduate,5,6.0,6.2,2026-01-01,2023,8,19,5,0.3879577803264007,8.0,0.1748,1,0,0,1,0,0,0,0,1,0,0,0,0,1,0
CUST100950,730217.04,283480.49,620.19,35,70.32,2023-07-31,0,39.0,Post-Graduate,2,5.2,4.8,2026-01-01,2023,7,31,0,0.3882140164792648,5.833333333333333,0.7031999999999999,1,0,0,0,1,0,0,1,0,0,0,0,1,0,0
CUST100951,333063.57,214500.74,583.98,36,32.23,2020-02-06,1,33.0,Secondary,1,6.0,6.2,2026-01-01,2020,2,6,3,0.6440234217149596,6.0,0.3223,0,1,0,1,0,0,0,0,1,0,1,0,0,0,0
CUST100952,635112.29,137675.45,646.83,31,24.6,2020-08-24,0,36.0,Secondary,1,4.7,5.1,2026-01-01,2020,8,24,0,0.2167733992362201,5.166666666666667,0.24600000000000002,1,0,0,0,0,1,0,0,1,0,0,0,0,1,0
CUST100953,291007.77,46072.91,751.67,38,16.24,2019-08-06,0,22.0,Graduate,2,4.9,4.4,2026-01-01,2019,8,6,1,0.15832192384416402,6.333333333333333,0.1624,1,0,0,0,0,0,1,1,0,0,1,0,0,0,0
CUST100954,351868.81,265405.51,691.56,47,49.13,2025-07-05,0,52.0,Post-Graduate,1,6.0,6.2,2026-01-01,2025,7,5,5,0.7542740432151404,7.833333333333333,0.4913,0,1,0,1,0,0,0,1,0,0,1,0,0,0,0
CUST100955,1664318.27,6194167.54,645.57,39,32.24,2019-07-05,0,35.0,Graduate,2,6.0,6.2,2026-01-01,2019,7,5,4,3.721744603572729,6.5,0.3224,0,1,0,1,0,0,0,1,0,0,1,0,0,0,0
CUST100956,238287.21,43285.01,732.32,58,37.99,2025-03-06,0,48.0,Primary,3,5.2,4.8,2026-01-01,2025,3,6,3,0.18165058040672852,9.666666666666666,0.3799,1,0,0,0,1,0,0,0,0,1,0,0,0,1,0
CUST100957,576983.65,516019.49,625.89,48,22.71,2019-10-15,0,40.0,Secondary,1,6.0,6.2,2026-01-01,2019,10,15,1,0.8943398829412237,8.0,0.2271,1,0,0,1,0,0,0,0,1,0,0,0,0,1,0
CUST100958,1024480.24,343257.97,686.2,39,30.03,2019-03-29,0,41.0,Graduate,1,5.2,4.8,2026-01-01,2019,3,29,4,0.3350557254281449,6.5,0.3003,1,0,0,0,1,0,0,1,0,0,0,1,0,0,0
CUST100959,2205518.56,1109558.28,679.985,46,27.71,2024-12-23,0,42.0,Secondary,4,4.7,5.1,2026-01-01,2024,12,23,0,0.5030827217341576,7.666666666666667,0.2771,1,0,0,0,0,1,0,0,1,0,0,0,0,1,0
CUST100960,716489.53,221186.65,730.64,48,33.35,2025-01-14,0,41.0,Graduate,2,5.2,4.8,2026-01-01,2025,1,14,1,0.3087088376574044,8.0,0.3335,1,0,0,0,1,0,0,1,0,0,0,0,0,0,1
CUST100961,739366.27,420036.45,577.48,38,25.38,2019-06-04,1,43.0,Post-Graduate,1,6.0,6.2,2026-01-01,2019,6,4,1,0.5681033434213871,6.333333333333333,0.25379999999999997,1,0,0,1,0,0,0,1,0,0,1,0,0,0,0
CUST100962,664343.49,279666.91,624.74,44,16.76,2019-08-08,0,51.0,Graduate,1,5.2,4.8,2026-01-01,2019,8,8,3,0.4209673372429675,7.333333333333333,0.16760000000000003,0,1,0,0,1,0,0,1,0,0,0,1,0,0,0
CUST100963,1162643.17,404487.4,573.51,52,129.67,2023-01-22,0,38.0,Graduate,3,4.7,5.1,2026-01-01,2023,1,22,6,0.3479033038141875,8.666666666666666,1.2967,0,1,0,0,0,1,0,1,0,0,0,0,0,0,1
CUST100964,824196.79,20000.0,663.13,50,18.19,2019-11-18,0,44.0,Graduate,3,4.9,4.4,2026-01-01,2019,11,18,0,0.024266049373960798,8.333333333333334,0.1819,0,1,0,0,0,0,1,0,1,0,1,0,0,0,0
CUST100965,473747.31,73386.42,758.74,41,38.19,2021-04-20,0,35.0,Secondary,0,5.2,4.8,2026-01-01,2021,4,20,1,0.15490625160489038,6.833333333333333,0.38189999999999996,1,0,0,0,1,0,0,1,0,0,0,1,0,0,0
CUST100966,671944.56,945863.69,647.15,40,14.95,2023-05-05,0,52.0,Post-Graduate,1,6.0,6.2,2026-01-01,2023,5,5,4,1.407651384215388,6.666666666666667,0.1495,1,0,0,1,0,0,0,0,1,0,0,1,0,0,0
CUST100967,504096.37,506082.76,646.81,33,13.42,2024-01-11,0,29.0,Graduate,3,4.7,5.1,2026-01-01,2024,1,11,3,1.0039404965364063,5.5,0.13419999999999999,1,0,0,0,0,1,0,1,0,0,0,0,0,1,0
CUST100968,269831.99,137786.52,736.66,48,36.68,2024-11-04,0,56.0,Graduate,1,5.2,4.8,2026-01-01,2024,11,4,0,0.5106381937886608,8.0,0.3668,0,1,0,0,1,0,0,1,0,0,0,0,0,0,1
CUST100969,270303.08,20000.0,749.46,39,38.06,2023-04-18,0,36.0,Graduate,3,4.9,4.4,2026-01-01,2023,4,18,1,0.0739910177864048,6.5,0.38060000000000005,1,0,0,0,0,0,1,0,0,1,0,0,1,0,0
CUST100970,581950.2,237709.93,674.24,46,64.13,2025-05-11,0,20.0,Graduate,0,5.2,4.8,2026-01-01,2025,5,11,6,0.4084712575062265,7.666666666666667,0.6413,1,0,0,0,1,0,0,1,0,0,0,0,0,0,1
CUST100971,687901.2,502293.32,724.51,43,42.4,2024-12-28,0,37.0,Graduate,2,4.7,5.1,2026-01-01,2024,12,28,5,0.730182357582746,7.166666666666667,0.424,1,0,0,0,0,1,0,1,0,0,0,1,0,0,0
CUST100972,1099453.44,884966.64,610.0,48,32.57,2023-10-26,0,36.0,Primary,3,6.0,6.2,2026-01-01,2023,10,26,3,0.8049150676175973,8.0,0.3257,1,0,0,1,0,0,0,1,0,0,0,0,0,0,1
CUST100973,924655.64,551314.02,769.57,34,22.19,2020-09-16,0,45.0,Post-Graduate,4,6.0,6.2,2026-01-01,2020,9,16,2,0.5962371245580679,5.666666666666667,0.22190000000000001,0,1,0,1,0,0,0,0,1,0,0,0,0,1,0
CUST100974,679182.85,619316.22,819.67,42,71.87,2019-12-19,0,29.0,Post-Graduate,1,6.0,6.2,2026-01-01,2019,12,19,3,0.9118549150644778,7.0,0.7187,1,0,0,1,0,0,0,1,0,0,0,0,0,0,1
CUST100975,1133769.42,938156.08,713.88,43,54.66,2021-10-25,0,31.0,Graduate,2,4.7,5.1,2026-01-01,2021,10,25,0,0.827466382009139,7.166666666666667,0.5466,0,1,0,0,0,1,0,1,0,0,0,0,0,0,1
CUST100976,654569.79,505471.63,544.52,42,19.24,2025-08-26,0,18.0,Post-Graduate,0,5.2,4.8,2026-01-01,2025,8,26,1,0.7722196131294112,7.0,0.1924,0,1,0,0,1,0,0,1,0,0,0,1,0,0,0
CUST100977,319643.09,168543.33,643.72,43,35.64,2022-09-19,0,31.0,Secondary,0,4.9,4.4,2026-01-01,2022,9,19,0,0.5272860114072855,7.166666666666667,0.3564,1,0,0,0,0,0,1,1,0,0,1,0,0,0,0
CUST100978,283531.6,24671.04,719.83,38,37.51,2020-04-19,0,36.0,Graduate,0,6.0,6.2,2026-01-01,2020,4,19,6,0.08701336993830672,6.333333333333333,0.3751,1,0,0,1,0,0,0,0,1,0,1,0,0,0,0
CUST100979,671944.56,567743.46,652.6,35,29.65,2024-07-02,0,19.0,Graduate,1,4.9,4.4,2026-01-01,2024,7,2,1,0.8449260456844832,5.833333333333333,0.2965,0,0,1,0,0,0,1,1,0,0,0,0,0,0,1
CUST100980,189065.97,147589.2,762.69,53,50.7,2021-07-16,0,44.0,Graduate,2,4.9,4.4,2026-01-01,2021,7,16,4,0.7806227635782368,8.833333333333334,0.507,1,0,0,0,0,0,1,1,0,0,0,1,0,0,0
CUST100981,582055.03,173924.36,718.23,51,52.17,2019-01-30,0,45.0,Graduate,1,4.9,4.4,2026-01-01,2019,1,30,2,0.29881085298756027,8.5,0.5217,1,0,0,0,0,0,1,1,0,0,0,0,1,0,0
CUST100982,3350814.68,1002059.13,634.08,42,31.94,2025-12-15,0,41.0,Secondary,1,4.7,5.1,2026-01-01,2025,12,15,0,0.2990494031141107,7.0,0.3194,1,0,0,0,0,1,0,1,0,0,0,0,0,0,1
CUST100983,671944.56,580620.61,682.1,39,30.59,2020-05-09,0,25.0,Secondary,1,4.7,5.1,2026-01-01,2020,5,9,5,0.8640900523102679,6.5,0.3059,1,0,0,0,0,1,0,0,0,1,1,0,0,0,0
CUST100984,671944.56,252799.42,621.9,55,71.87,2020-01-23,0,35.0,Graduate,2,4.9,4.4,2026-01-01,2020,1,23,3,0.37622065129897025,9.166666666666666,0.7187,0,1,0,0,0,0,1,1,0,0,0,1,0,0,0
CUST100985,257370.97,63889.65,668.13,39,54.77,2021-05-22,1,36.0,Secondary,2,4.7,5.1,2026-01-01,2021,5,22,5,0.24823953532910104,6.5,0.5477000000000001,0,1,0,0,0,1,0,0,0,1,1,0,0,0,0
CUST100986,1582128.19,849868.08,643.95,41,36.24,2021-04-14,0,23.0,Graduate,4,5.2,4.8,2026-01-01,2021,4,14,2,0.5371676488489848,6.833333333333333,0.3624,0,1,0,0,1,0,0,1,0,0,0,0,0,1,0
CUST100987,1267216.06,754396.53,756.36,41,16.01,2020-09-21,0,36.0,Secondary,1,4.9,4.4,2026-01-01,2020,9,21,0,0.5953179996787604,6.833333333333333,0.16010000000000002,0,1,0,0,0,0,1,1,0,0,1,0,0,0,0
CUST100988,947295.1,625411.71,817.54,42,41.28,2019-01-30,0,46.0,Primary,5,4.9,4.4,2026-01-01,2019,1,30,2,0.6602079014237485,7.0,0.4128,0,1,0,0,0,0,1,0,1,0,0,0,0,1,0
CUST100989,649799.93,158434.65,586.97,35,48.93,2021-03-17,0,34.0,Graduate,2,4.7,5.1,2026-01-01,2021,3,17,2,0.2438206633848052,5.833333333333333,0.4893,0,1,0,0,0,1,0,1,0,0,0,1,0,0,0
CUST100990,890318.35,633361.91,554.99,37,9.33,2025-07-17,0,36.0,Graduate,2,5.2,4.8,2026-01-01,2025,7,17,3,0.7113881343678922,6.166666666666667,0.0933,0,1,0,0,1,0,0,0,1,0,0,0,1,0,0
CUST100991,671944.56,343077.04,679.985,54,39.5,2024-01-07,0,38.0,Post-Graduate,3,4.7,5.1,2026-01-01,2024,1,7,6,0.5105734318319356,9.0,0.395,0,0,1,0,0,1,0,0,0,1,0,1,0,0,0
CUST100992,380573.32,69411.15,581.3,35,28.66,2022-08-03,0,18.0,Graduate,1,4.9,4.4,2026-01-01,2022,8,3,2,0.18238574895371013,5.833333333333333,0.2866,0,1,0,0,0,0,1,1,0,0,0,0,1,0,0
CUST100993,671944.56,718840.21,683.0,40,31.48,2024-05-22,0,33.0,Secondary,1,4.9,4.4,2026-01-01,2024,5,22,2,1.0697909512058552,6.666666666666667,0.3148,1,0,0,0,0,0,1,1,0,0,0,0,1,0,0
CUST100994,632139.5,315295.45,728.68,41,22.64,2024-05-14,0,28.0,Post-Graduate,3,5.2,4.8,2026-01-01,2024,5,14,1,0.49877511213901365,6.833333333333333,0.22640000000000002,0,1,0,0,1,0,0,0,1,0,0,1,0,0,0
CUST100995,866135.66,250317.84,777.12,43,32.6,2019-09-01,0,25.0,Graduate,2,5.2,4.8,2026-01-01,2019,9,1,6,0.2890053505013291,7.166666666666667,0.326,1,0,0,0,1,0,0,1,0,0,0,0,0,1,0
CUST100996,608109.27,168450.4,693.09,31,68.27,2019-08-09,0,33.0,Primary,1,4.9,4.4,2026-01-01,2019,8,9,4,0.27700679517679444,5.166666666666667,0.6827,0,1,0,0,0,0,1,1,0,0,1,0,0,0,0
CUST100997,14555301.58,5170283.14,667.44,37,28.25,2022-03-25,0,56.0,Graduate,2,4.7,5.1,2026-01-01,2022,3,25,4,0.35521649012785345,6.166666666666667,0.2825,0,1,0,0,0,1,0,1,0,0,0,1,0,0,0
CUST100998,644839.44,290144.7,551.4,39,55.64,2022-11-07,0,36.0,Post-Graduate,2,6.0,6.2,2026-01-01,2022,11,7,0,0.44994875003303153,6.5,0.5564,1,0,0,1,0,0,0,1,0,0,0,0,1,0,0
CUST100999,671944.56,463695.29,681.7,46,23.77,2023-11-07,0,30.0,Graduate,1,4.9,4.4,2026-01-01,2023,11,7,1,0.6900796845501658,7.666666666666667,0.2377,0,1,0,0,0,0,1,0,1,0,1,0,0,0,0
CUST101000,660810.19,206503.33,684.63,50,50.38,2022-09-05,0,42.0,Secondary,3,5.2,4.8,2026-01-01,2022,9,5,0,0.3125002203734177,8.333333333333334,0.5038,0,1,0,0,1,0,0,1,0,0,0,0,0,0,1
